rank,u,v,snap_t,y,logreg__S,logreg__S+T,logreg__S+T+C,rf__S,rf__S+T,rf__S+T+C
1,3988,905,48,1,0.99999994,0.99999154,0.9999868,0.9816991,0.97865015,0.97301656
2,2045,5712,49,0,0.9854861,0.99654454,0.9964303,0.9470681,0.9862604,0.97032106
3,3722,905,49,0,0.98819023,0.9940219,0.994627,0.89006084,0.97721225,0.9655689
4,3722,905,48,0,0.9804741,0.9882368,0.9899357,0.88412404,0.97115684,0.96445805
5,3722,2045,48,1,0.99844015,0.99945575,0.9993573,0.8567923,0.97391737,0.9641071
6,2388,2045,49,0,0.9999991,0.9999981,0.999997,0.95843947,0.9730552,0.9607014
7,3988,5712,48,0,0.99913967,0.9991193,0.9990435,0.9153284,0.9687942,0.9602857
8,2045,135,49,0,0.99724203,0.99916905,0.9992899,0.9129021,0.96437794,0.9600826
9,3451,905,48,1,0.9999737,0.99978495,0.9996914,0.9636004,0.9697122,0.95500034
10,3722,5712,48,0,0.8804014,0.97544575,0.9681507,0.75711524,0.9543399,0.953509
11,2934,2045,49,0,0.9996674,0.99996275,0.9999506,0.63282144,0.9351036,0.9473398
12,2388,2045,48,0,0.9999892,0.9999523,0.99992514,0.95877266,0.9455743,0.94682086
13,3722,5712,49,0,0.8555925,0.96928823,0.96033293,0.8253883,0.96763927,0.9438743
14,1352,2388,49,0,0.9821347,0.9711207,0.9748674,0.8861071,0.93776596,0.9388932
15,3722,135,48,1,0.9986565,0.9990139,0.99897414,0.887561,0.9465143,0.9371114
16,1352,4519,48,0,0.99302214,0.99798334,0.99740696,0.8951015,0.9603469,0.9326369
17,3988,4519,48,0,0.9414469,0.98003083,0.9786537,0.8716858,0.9250491,0.93167335
18,3640,2045,49,0,0.99924624,0.99965155,0.9994726,0.7070908,0.9510681,0.93008435
19,2934,3722,49,0,0.99884546,0.9997384,0.99975693,0.6801628,0.93691176,0.9292194
20,2934,905,49,0,0.9827862,0.99411863,0.9924641,0.6300167,0.9159939,0.92677903
21,3640,2045,48,0,0.94079953,0.9670228,0.951869,0.7429235,0.9707365,0.92565644
22,1352,5712,48,0,0.78627527,0.9637463,0.95651984,0.57933664,0.92571735,0.9255188
23,3451,3722,48,0,0.91726685,0.9752948,0.9718301,0.9449296,0.9767112,0.9229151
24,2934,135,49,0,0.97169733,0.995591,0.9943204,0.67877233,0.9154331,0.9220571
25,2942,2045,49,0,0.9999879,0.9999913,0.99998736,0.9200032,0.942694,0.918868
26,3988,5654,48,0,0.99923337,0.9987746,0.9987815,0.9446839,0.94748455,0.91619045
27,2388,5712,49,0,0.90799683,0.9504038,0.94890064,0.9073121,0.9385118,0.91197
28,2388,5712,48,0,0.8768192,0.9395997,0.93640673,0.8875967,0.9213387,0.906525
29,2934,2388,49,0,0.9994975,0.9994398,0.9992911,0.60743654,0.9146157,0.9032151
30,4532,2045,49,0,0.9012966,0.9892049,0.9801925,0.9009726,0.9814654,0.90236837
31,3722,5551,48,0,0.99712443,0.9990345,0.9993002,0.65044844,0.9048818,0.90158045
32,3640,5712,49,0,0.47093758,0.77024263,0.6695915,0.4906886,0.90440553,0.90002596
33,3722,5508,49,0,0.99964464,0.9998593,0.99985665,0.65400106,0.8900224,0.8933261
34,2045,5654,49,0,0.90544474,0.95272124,0.9513547,0.8967957,0.9331641,0.8931568
35,3988,25,48,0,0.99987245,0.99947464,0.9993234,0.90059584,0.8625334,0.89272684
36,1352,5712,49,0,0.78084666,0.934117,0.92237747,0.57924896,0.90382534,0.89175636
37,4532,3722,49,0,0.8336379,0.9647062,0.952311,0.90188694,0.98560256,0.88917303
38,3640,5712,48,0,0.48846337,0.8148955,0.720087,0.48571956,0.92259395,0.8880197
39,2934,1352,49,0,0.87033796,0.963348,0.9650876,0.66903645,0.9125601,0.88740677
40,1810,3722,49,0,0.99652654,0.99911803,0.9993794,0.7920973,0.8851056,0.8871769
41,3722,2942,49,0,0.98509574,0.9931346,0.9928331,0.4943184,0.91797394,0.88715523
42,2388,1352,49,0,0.98699254,0.9688711,0.977821,0.8954327,0.92062896,0.88588125
43,1352,2498,48,0,0.99051553,0.99521255,0.99488676,0.9313412,0.9077543,0.88321745
44,3640,905,48,0,0.6596809,0.7833946,0.76734805,0.54591537,0.94640696,0.8769329
45,3451,5654,48,0,0.88412005,0.9204323,0.9209579,0.88027143,0.91282254,0.8755902
46,3878,5712,48,0,0.8447609,0.92097366,0.9062963,0.8328349,0.91376567,0.8751424
47,5508,2045,48,1,0.6700429,0.83129853,0.7817949,0.7149171,0.8780669,0.8738317
48,4532,905,49,0,0.9065747,0.950253,0.92983234,0.9046543,0.9735909,0.87307996
49,3722,481,48,0,0.8985783,0.9652213,0.9507848,0.9140546,0.8863215,0.87248707
50,3722,1656,49,0,0.9893554,0.99625057,0.9950627,0.93657106,0.8979698,0.8718524
51,1352,481,48,0,0.922787,0.9663027,0.9591274,0.956404,0.88752395,0.87181896
52,3707,5712,48,0,0.76467246,0.8766754,0.8257614,0.52825505,0.92116797,0.87048775
53,2045,1656,49,0,0.98464084,0.995092,0.99569184,0.94983196,0.8953799,0.87011665
54,3451,135,48,0,0.96076304,0.9235809,0.8979582,0.89122623,0.9141287,0.869694
55,3722,5476,48,0,0.70329034,0.93592244,0.91213894,0.48951057,0.859443,0.8693083
56,2045,5712,48,0,0.98405606,0.99224603,0.99236673,0.93601644,0.872606,0.86887544
57,4649,2045,49,0,0.98852205,0.9974532,0.9957096,0.5912921,0.8856983,0.8672147
58,2045,5231,49,0,0.8988082,0.97976357,0.97974634,0.8400381,0.8803017,0.8649897
59,3722,2498,48,0,0.99689806,0.99746156,0.9970491,0.9420041,0.89751315,0.86024034
60,5508,905,49,0,0.7705622,0.8553869,0.83022106,0.6945464,0.9076676,0.85831547
61,361,2045,49,0,0.99412745,0.9980439,0.9972041,0.8519076,0.88439465,0.85520107
62,3707,2045,48,0,0.8236149,0.900036,0.87304556,0.71845067,0.93971,0.8549462
63,3451,481,48,0,0.99291384,0.99724436,0.9971715,0.939943,0.848029,0.8526473
64,3722,5231,49,0,0.5386341,0.86558366,0.8324371,0.5598317,0.82005435,0.85141826
65,2045,4519,49,0,0.8975312,0.96509576,0.95784307,0.8821122,0.84227246,0.85133284
66,3988,2194,48,0,0.94809717,0.93776625,0.9297528,0.9208827,0.8195294,0.85075825
67,3878,2045,48,0,0.97506964,0.9703597,0.9633251,0.7256802,0.9063551,0.8499022
68,4532,135,49,0,0.9205563,0.9853856,0.97753173,0.86167264,0.9494612,0.84771097
69,3640,2388,49,0,0.32256413,0.5002135,0.45067367,0.5061808,0.8805457,0.84743446
70,1352,2942,49,0,0.75136477,0.82499486,0.8313642,0.39521232,0.86426795,0.8468299
71,3988,2524,48,0,0.9659688,0.95111656,0.9428957,0.9377817,0.77048445,0.8466959
72,5508,905,48,0,0.73565245,0.77017134,0.75295496,0.6311044,0.82232183,0.8457803
73,3722,6,48,0,0.9760316,0.9959582,0.9951441,0.9208745,0.880274,0.84344894
74,2388,5654,48,0,0.9969705,0.9955195,0.9957565,0.95729876,0.8614654,0.8426843
75,1352,2017,48,0,0.9823416,0.99007934,0.990712,0.9112115,0.8642634,0.8425008
76,5508,135,49,0,0.9294745,0.97949606,0.9706779,0.77303207,0.88928235,0.8421003
77,4172,5712,48,0,0.9916172,0.986561,0.9857632,0.952637,0.8835672,0.8395948
78,3988,2498,48,0,0.9996696,0.9993175,0.9994899,0.9614106,0.8799166,0.8373949
79,1352,4519,49,0,0.9945229,0.99345785,0.9916514,0.898294,0.8278706,0.8356589
80,5508,2388,49,0,0.68204194,0.78125596,0.7657874,0.64122546,0.8452795,0.8338996
81,2045,1383,49,0,0.9987222,0.99854535,0.99909866,0.91314036,0.85544217,0.83367103
82,1810,1352,49,0,0.91180205,0.74066156,0.84412795,0.77225155,0.83611387,0.8326375
83,3451,5476,48,0,0.5296421,0.80353147,0.8004615,0.586368,0.8692052,0.8316578
84,2045,905,48,1,0.99991834,0.9991418,0.9992928,0.83107054,0.8611346,0.831092
85,3722,2017,48,0,0.98911077,0.99216604,0.99148154,0.9173991,0.8483958,0.83107436
86,2045,6,49,0,0.886873,0.9477085,0.9404953,0.93343717,0.85977,0.8308831
87,3640,5508,49,0,0.9936526,0.99804133,0.99790543,0.6555479,0.83595455,0.83039445
88,96,2045,49,0,0.99473876,0.99955577,0.9994501,0.8432162,0.8503184,0.8301627
89,3722,6,49,0,0.9874119,0.994435,0.99320185,0.9297488,0.8665986,0.83009994
90,3722,2498,49,0,0.9952778,0.9949441,0.99411863,0.90184814,0.85799384,0.8297492
91,3722,4675,49,0,0.72486925,0.91563916,0.92646855,0.6464456,0.8567096,0.8277934
92,1352,2028,48,0,0.9023969,0.7357068,0.82551575,0.9149757,0.8419304,0.82743675
93,1810,2388,49,0,0.99999994,0.99991506,0.99988127,0.6894658,0.81481606,0.8269423
94,5525,2045,48,0,0.90063614,0.97274226,0.9623021,0.5978378,0.89224017,0.82605964
95,3988,1991,48,0,0.97417504,0.91208524,0.8876864,0.9545685,0.7027508,0.8259938
96,3451,25,48,0,0.9926931,0.9880643,0.9845145,0.8620823,0.84767157,0.8237294
97,2388,4519,48,0,0.94679517,0.9720279,0.9682567,0.89100915,0.86623704,0.8233306
98,5508,5712,48,0,0.45103505,0.6819127,0.5946608,0.44713488,0.770876,0.8231625
99,2045,62,49,0,0.9942084,0.99613136,0.9963333,0.95496327,0.87650627,0.8231144
100,3707,905,48,0,0.9182356,0.92097783,0.9230407,0.6085485,0.91732043,0.8218009
101,1352,1334,49,0,0.99532056,0.97985035,0.980927,0.6924695,0.7938638,0.82108325
102,2045,3722,48,1,0.9986914,0.9993988,0.99948144,0.8988342,0.87561685,0.8198319
103,1352,3744,48,0,0.9992606,0.9994181,0.9994453,0.86610484,0.87832916,0.819428
104,3722,2187,48,0,0.98265356,0.9931734,0.99268275,0.9030848,0.81104195,0.8177009
105,3640,905,49,0,0.7041676,0.8097887,0.78809935,0.55913043,0.89551777,0.81765795
106,3988,2028,48,0,0.9815805,0.7493417,0.83320105,0.9069525,0.77233475,0.81734776
107,2388,5508,49,0,0.88651335,0.9335302,0.9437308,0.55490786,0.8676756,0.81694
108,2045,2017,49,0,0.99984497,0.9995206,0.9996368,0.96698225,0.80528593,0.81684244
109,3722,5551,49,0,0.9974717,0.99736696,0.9981268,0.6768314,0.80988973,0.816781
110,4532,1352,49,0,0.47564986,0.7737601,0.71628857,0.62980014,0.94475573,0.8136776
111,2045,5476,49,0,0.9570068,0.9717833,0.967661,0.74917185,0.81614536,0.8123088
112,2045,3903,49,0,0.9390193,0.98005235,0.97792435,0.93607575,0.8305671,0.8121368
113,2934,2942,49,0,0.92985135,0.9780255,0.98074627,0.33375868,0.85417414,0.8089099
114,2942,3722,49,0,0.9879732,0.990438,0.98965377,0.75301135,0.8788162,0.80692273
115,4532,2942,49,0,0.5661778,0.8293852,0.8239175,0.32806146,0.915838,0.80606407
116,3722,2028,48,0,0.95442915,0.8729059,0.88565826,0.8786537,0.81684774,0.8055826
117,3988,2187,48,0,0.8622541,0.90391815,0.8810789,0.89878875,0.76910484,0.80546445
118,4649,5712,48,0,0.5910553,0.81721544,0.7875757,0.57713515,0.86062765,0.8042149
119,3722,4531,49,0,0.8255434,0.9422561,0.9509746,0.47574285,0.82159853,0.804197
120,2045,4279,49,0,0.95644397,0.9614982,0.9630803,0.91812193,0.8067986,0.80338806
121,4649,1352,49,0,0.9901671,0.9957496,0.99457055,0.7957613,0.8582932,0.8026194
122,2388,5654,49,0,0.99695295,0.9902697,0.9914056,0.95249104,0.8259584,0.8025465
123,2045,25,49,0,0.99943215,0.9988891,0.9992602,0.9230592,0.8315484,0.8020864
124,3988,1383,48,0,0.9940773,0.9920067,0.99208456,0.913817,0.8796861,0.80175024
125,3897,2045,49,0,0.99991953,0.9999623,0.9999102,0.8724464,0.8261527,0.8011531
126,3722,2017,49,0,0.9874744,0.982857,0.98301184,0.8941895,0.79976815,0.7998199
127,1352,3988,48,0,0.99613816,0.9992649,0.9992884,0.81122696,0.81551945,0.79755086
128,3722,4668,49,0,0.74244463,0.91637343,0.92990166,0.49840838,0.8249271,0.7973823
129,4365,3722,48,0,0.9792636,0.9924653,0.9909914,0.63463145,0.85577774,0.7951362
130,3451,4595,48,0,0.48963982,0.7817165,0.7845128,0.47367448,0.8436546,0.7932903
131,3722,4595,48,0,0.7388344,0.95163816,0.9375808,0.30735356,0.7542125,0.79285395
132,1352,2498,49,0,0.99453306,0.99208975,0.9919173,0.93132454,0.80172056,0.79011744
133,2045,3699,49,0,0.808964,0.9524599,0.9494093,0.6194643,0.79863447,0.78950477
134,4532,1656,49,0,0.64174575,0.8903596,0.8290657,0.71384716,0.84322417,0.788876
135,5525,905,48,0,0.7690969,0.9006893,0.88233334,0.4084439,0.8324131,0.7876875
136,1352,3744,49,0,0.99950284,0.9987621,0.9989608,0.8558226,0.7786409,0.7834939
137,3640,25,48,0,0.83714086,0.90452856,0.86118704,0.56655216,0.854439,0.782385
138,5508,5712,49,0,0.46901938,0.7094871,0.62365085,0.48095804,0.75300467,0.78231084
139,4172,4519,48,0,0.94889843,0.9682881,0.9666678,0.8208333,0.81833595,0.7812497
140,1352,4686,49,0,0.75064504,0.8968214,0.91866255,0.57485133,0.80792433,0.78017664
141,1352,4681,49,0,0.7471455,0.8909197,0.9156271,0.5632875,0.81210977,0.7801687
142,1352,4675,49,0,0.5486682,0.8158175,0.8478425,0.58560216,0.8074081,0.7801687
143,5508,135,48,0,0.81525636,0.8227574,0.7771766,0.7289194,0.7626105,0.77970266
144,1352,3699,49,0,0.6839673,0.84945565,0.8307123,0.5296691,0.77211344,0.7789709
145,3722,5476,49,0,0.72886735,0.8516046,0.80659884,0.5071569,0.7695592,0.77828294
146,1018,905,49,0,0.99994427,0.9964037,0.9960579,0.9317915,0.85455656,0.7774968
147,2942,5712,49,0,0.833676,0.88880545,0.88852185,0.7276811,0.85935056,0.7745727
148,3451,3722,49,0,0.9718927,0.97608054,0.9742988,0.9331363,0.8509504,0.7717734
149,1352,2017,49,0,0.982784,0.9679797,0.9728357,0.91119486,0.7294127,0.7716018
150,4649,5712,49,0,0.5818313,0.8109204,0.78303975,0.6537951,0.8341393,0.77154076
151,2045,5227,49,0,0.9205267,0.94689405,0.9356496,0.7763761,0.79578936,0.7708774
152,3640,3903,48,0,0.4890625,0.66953576,0.5536927,0.77876127,0.87285876,0.7702924
153,2934,6,49,0,0.9377284,0.9790741,0.9741137,0.64466256,0.7867804,0.7700293
154,2045,4694,49,0,0.98373836,0.96141076,0.96195066,0.91818035,0.85073924,0.7697467
155,3451,135,49,0,0.97247666,0.96127313,0.942606,0.8936403,0.83411825,0.76845133
156,3722,5227,48,0,0.9436946,0.9841714,0.97799957,0.73061264,0.83314586,0.7678855
157,3451,62,48,0,0.784297,0.7685957,0.7219385,0.7910341,0.8178704,0.7672371
158,361,905,49,0,0.9998173,0.9989791,0.9989241,0.88204515,0.8242906,0.76680255
159,3451,2498,48,0,0.97958267,0.97115976,0.9751765,0.91874456,0.8311669,0.76650923
160,4532,5508,49,0,0.551957,0.86234057,0.8082596,0.48503327,0.9174757,0.7664126
161,3649,2045,49,0,0.88429326,0.95512736,0.9280242,0.67326033,0.7999285,0.7660614
162,3451,4519,48,0,0.53529733,0.8280981,0.8253852,0.4000071,0.76215774,0.7655242
163,3988,5712,49,0,0.9990672,0.99894845,0.99884844,0.9153284,0.83528936,0.7651295
164,3722,481,49,0,0.9476573,0.9860909,0.9803707,0.91214395,0.8112356,0.76503104
165,2658,2045,49,0,0.55014837,0.950492,0.9403654,0.88111556,0.81521857,0.7642823
166,4172,135,48,0,0.98345625,0.90737903,0.8971323,0.9296992,0.8001604,0.76415807
167,3988,5472,48,0,0.998829,0.99090236,0.9914852,0.90691006,0.7007563,0.76387435
168,1352,4531,49,0,0.7660971,0.9080288,0.9296294,0.5384558,0.84268326,0.7631022
169,3640,481,48,0,0.85132766,0.86507106,0.7829904,0.8339829,0.86365145,0.7629624
170,3988,5551,48,0,0.90283376,0.98088825,0.97574115,0.32313606,0.75089496,0.7629543
171,3988,5754,48,0,0.9812809,0.99446845,0.99057454,0.50136185,0.8471862,0.7628183
172,3707,4519,48,0,0.8622904,0.95119077,0.93155026,0.56786865,0.8081488,0.76192534
173,3451,2388,49,0,0.965885,0.824731,0.76469225,0.82387125,0.8276037,0.7617274
174,3707,5551,48,0,0.9164542,0.97252196,0.97933245,0.5710243,0.79843813,0.7614421
175,3722,1185,48,0,0.9407601,0.95893544,0.96398115,0.8344612,0.7544325,0.7610342
176,3451,6,48,0,0.51154214,0.76669705,0.7187363,0.74707925,0.79557115,0.76081675
177,2658,905,49,0,0.9445852,0.9390433,0.94294363,0.8892656,0.820506,0.76066643
178,361,3722,49,0,0.9976412,0.99890435,0.99901915,0.8433243,0.8413917,0.76041615
179,4649,2045,48,0,0.9734301,0.9795486,0.96848804,0.6520844,0.8249407,0.76003313
180,4291,905,48,0,1.0,0.99999505,0.9999904,0.9155665,0.8522977,0.7583201
181,3722,3988,48,0,0.9999867,0.99999166,0.9999885,0.82372,0.83190745,0.7577931
182,3451,5801,48,0,0.9910834,0.9978137,0.99675393,0.7060994,0.8742549,0.7572931
183,1352,4668,49,0,0.6935046,0.88165706,0.9095492,0.5594575,0.84442616,0.756685
184,1565,5712,48,0,0.9504508,0.9532587,0.9481859,0.92612046,0.8042412,0.7564162
185,4365,2045,48,0,0.9146849,0.9158958,0.87400997,0.5340167,0.83623475,0.7559257
186,3707,135,48,0,0.9484396,0.93571,0.9221474,0.745371,0.81329226,0.7558799
187,4291,5712,48,0,0.99931604,0.9971714,0.99632436,0.5813406,0.8218556,0.75523585
188,3722,3719,49,0,0.89594597,0.9657414,0.9620411,0.8994793,0.76349473,0.7552336
189,3722,2063,48,0,0.8339763,0.9555482,0.9445077,0.6438138,0.75131065,0.7550987
190,2388,5476,48,0,0.8569831,0.9291953,0.9271541,0.57791805,0.8027166,0.75509167
191,3722,3988,49,0,0.9999973,0.99999636,0.9999955,0.82996905,0.765794,0.754747
192,2934,1334,49,0,0.98587835,0.97901064,0.9751794,0.52432704,0.77010435,0.7546744
193,3722,5227,49,0,0.948186,0.960228,0.94754744,0.72428524,0.7835348,0.7544324
194,2934,25,49,0,0.92390466,0.9522493,0.9441411,0.63550717,0.7592889,0.75441825
195,3988,5363,48,0,0.7607055,0.77321994,0.7774837,0.9150948,0.708705,0.75423896
196,5508,4519,48,0,0.72548,0.9100092,0.8770492,0.50224096,0.778639,0.75380015
197,1352,5227,48,0,0.5914841,0.9099788,0.89688516,0.60644066,0.79421,0.7531142
198,1352,481,49,0,0.9205184,0.9599948,0.9516197,0.9573099,0.7427442,0.7523736
199,481,2045,49,0,0.904636,0.9937976,0.9902923,0.79820824,0.83469754,0.7520015
200,3722,5472,48,0,0.99984884,0.9996526,0.9995274,0.9650257,0.79980165,0.7519904
201,2045,135,48,0,0.99091166,0.9824331,0.98697567,0.88533825,0.7853637,0.7517247
202,3722,2028,49,0,0.9525068,0.79770243,0.8102681,0.883208,0.7977428,0.7501495
203,3988,5801,48,0,0.9065843,0.9666845,0.9518211,0.8768757,0.9227132,0.749321
204,4172,5712,49,0,0.99818516,0.994807,0.994097,0.96365285,0.7001789,0.7493157
205,2045,5801,49,0,0.8788659,0.9351487,0.9239409,0.6330039,0.8677802,0.74918836
206,4365,905,48,0,0.9869754,0.95262307,0.93454784,0.4480883,0.80245143,0.7488723
207,2045,1316,49,0,0.8710385,0.9827039,0.9849384,0.57478297,0.76019514,0.7486361
208,3722,1026,48,0,0.70570815,0.93904555,0.91978145,0.38023934,0.7172663,0.74847126
209,3878,5551,48,0,0.8769065,0.9535763,0.9706713,0.48960614,0.7655153,0.7481484
210,4382,2045,49,0,0.99622864,0.9996189,0.9993384,0.71216834,0.80249685,0.74706125
211,2045,4707,49,0,0.99985677,0.9999384,0.9999506,0.917093,0.9139456,0.7468077
212,2934,4519,49,0,0.81343424,0.9511996,0.9528319,0.4542834,0.75456405,0.7466837
213,1352,3988,49,0,0.9984984,0.99868375,0.99866146,0.8160086,0.7381453,0.746478
214,2045,4531,49,0,0.9999967,0.999999,0.9999992,0.7619823,0.8849277,0.74609923
215,3722,3897,48,0,0.95819956,0.97920954,0.97656804,0.9315112,0.71636707,0.7460834
216,1810,5508,49,0,0.9819727,0.9870787,0.986438,0.46145147,0.77119845,0.7447579
217,3722,3640,49,0,0.9999675,0.99995935,0.99995065,0.8254387,0.7851749,0.74319756
218,3878,5654,48,0,0.98528004,0.98633987,0.98475814,0.53545547,0.7303956,0.74284345
219,2934,5801,49,0,0.8622379,0.9378014,0.9152499,0.54739803,0.80256146,0.74268097
220,3722,2063,49,0,0.8445617,0.9341232,0.9199675,0.64757156,0.7320385,0.74139905
221,3878,135,48,0,0.943556,0.9209612,0.9158891,0.762214,0.79416835,0.74106103
222,2934,2194,49,0,0.9997655,0.9998217,0.99979746,0.75960135,0.7045361,0.74103403
223,3988,5525,48,0,0.6906003,0.8873564,0.8597522,0.6205579,0.7769395,0.7400026
224,3451,3744,48,0,0.99902946,0.99799764,0.9979213,0.9111366,0.71865374,0.7399342
225,1352,5476,48,0,0.7154588,0.9445632,0.9317563,0.32491824,0.7328532,0.7398825
226,3640,2942,49,0,0.16481602,0.35602444,0.2891987,0.15649277,0.78085303,0.7398244
227,3640,6,48,0,0.78271085,0.92058265,0.8887319,0.6920404,0.8148188,0.73924184
228,2045,4681,49,0,0.9499258,0.9896048,0.9912409,0.92900413,0.9227251,0.7392277
229,2658,135,49,0,0.9222073,0.96705943,0.95921904,0.90444785,0.73852783,0.7390649
230,1352,2388,48,0,0.9821995,0.98212254,0.98305,0.8901858,0.7213558,0.7386178
231,2934,5654,49,0,0.99866444,0.9996073,0.9996912,0.63349545,0.7409449,0.7376516
232,96,2045,48,0,0.983678,0.9962702,0.9964576,0.7645903,0.8149657,0.7370524
233,35,2045,49,0,0.0020666576,7.0513306e-05,0.00016625202,0.36677423,0.8039907,0.73676395
234,3722,3640,48,0,0.999971,0.9999779,0.99997264,0.821297,0.7830692,0.7364914
235,2045,4748,49,0,0.9434444,0.9857087,0.98676646,0.8296585,0.89238816,0.7363615
236,3804,2045,49,0,0.8226929,0.9670434,0.9472957,0.752816,0.8207046,0.7361224
237,2045,5827,49,0,0.75178677,0.91990626,0.9096555,0.56011105,0.75057113,0.73605496
238,2045,4686,49,0,0.95099825,0.9902575,0.99160665,0.9287872,0.92939806,0.7347575
239,1352,5472,48,0,0.8354694,0.7940698,0.77886444,0.91487765,0.70890385,0.7345404
240,4532,1334,49,0,0.5409383,0.66733336,0.598796,0.65204895,0.8324939,0.7340564
241,3451,3988,48,0,0.99996895,0.9998893,0.99984694,0.82295835,0.74085826,0.7330293
242,3919,2045,49,0,0.99968046,0.9999375,0.99993926,0.76308054,0.7727359,0.7319121
243,3722,5801,48,0,0.7556801,0.9448815,0.9411203,0.31112456,0.7357173,0.7313442
244,2045,4668,49,0,0.999946,0.9999894,0.99999183,0.77690536,0.8821621,0.7312294
245,2388,62,48,0,0.99682033,0.9941608,0.9955292,0.969626,0.81302565,0.7307022
246,3722,5363,48,0,0.8722892,0.9277274,0.90987563,0.9174018,0.7915092,0.7299975
247,2045,5066,49,0,0.9389554,0.9849702,0.9842949,0.6118863,0.81011885,0.7299754
248,545,905,49,0,0.9855416,0.9647576,0.9685774,0.70133954,0.73337436,0.72993785
249,1352,3897,48,0,0.76264626,0.8857343,0.88624257,0.9413184,0.6912428,0.7294766
250,2045,4701,49,0,0.9707131,0.99180716,0.99303323,0.77917016,0.9040654,0.7273757
251,1018,1352,49,0,0.99969244,0.9985911,0.9990286,0.91369057,0.8238147,0.72715765
252,2942,135,49,0,0.9137879,0.9337449,0.9022885,0.5992649,0.8198022,0.72712415
253,4532,3699,49,0,0.64751065,0.8794827,0.8656986,0.61719775,0.8186279,0.7269432
254,4385,3722,48,0,0.99987996,0.9998818,0.99988526,0.9356578,0.77775586,0.7264202
255,4197,2045,49,0,0.9999853,0.99982214,0.9997441,0.4926228,0.7578556,0.72635806
256,4172,135,49,0,0.9835175,0.979825,0.9761987,0.92933214,0.73804235,0.72560513
257,3722,4694,49,0,0.9634208,0.9434419,0.94087857,0.9088188,0.8204245,0.72539043
258,1352,2063,48,0,0.7506003,0.92612123,0.9169479,0.6070188,0.7062807,0.72453886
259,2934,2498,49,0,0.99750584,0.99794936,0.99840426,0.67733294,0.69556874,0.72427416
260,2045,4744,49,0,0.93812364,0.98647875,0.9883261,0.66347414,0.88699704,0.72406304
261,3451,2028,48,0,0.9586559,0.72824615,0.76261264,0.8558112,0.69130576,0.7239214
262,2045,4649,49,0,0.98907447,0.9959075,0.9953642,0.61386013,0.78540105,0.72391504
263,2045,4519,48,0,0.90019435,0.96203035,0.9562974,0.873623,0.76420754,0.72277933
264,1352,1098,48,0,0.9725292,0.9765821,0.97207105,0.73616827,0.77278405,0.72245187
265,1352,2028,49,0,0.89032453,0.41387388,0.529599,0.9148639,0.75534374,0.72241634
266,2934,3744,49,0,0.99999994,0.99999994,0.99999994,0.75880224,0.6926436,0.7223267
267,5525,135,48,0,0.96800506,0.9759284,0.9670136,0.6537744,0.8037033,0.7217936
268,2045,481,49,0,0.86060196,0.9834233,0.97587496,0.8520922,0.7937471,0.7217826
269,1810,5654,49,0,0.9989132,0.996471,0.9962018,0.6950256,0.7147935,0.72110164
270,3988,5827,48,0,0.87160206,0.93622696,0.9285801,0.49531066,0.66814303,0.7208053
271,3722,1098,48,0,0.95746344,0.9659461,0.95532197,0.7636078,0.77976656,0.72014976
272,3640,62,48,0,0.99570626,0.9948681,0.9931835,0.7776117,0.85844076,0.7194531
273,3722,2067,49,0,0.84001034,0.89626753,0.8898016,0.8611398,0.6588144,0.7193642
274,3988,3640,48,0,0.9142169,0.9640077,0.95505077,0.72117597,0.7253575,0.71847796
275,3451,2194,48,0,0.49632326,0.47292382,0.41005063,0.88274807,0.68673784,0.7182229
276,5508,3903,48,0,0.62646335,0.6744589,0.5908467,0.7754478,0.65342957,0.71791446
277,3988,4709,48,0,0.793102,0.8919499,0.88656807,0.44580787,0.6402879,0.7175026
278,2045,5189,49,0,0.86987174,0.96561164,0.9598213,0.49750188,0.7873385,0.71713287
279,1352,361,48,0,0.99851084,0.9996696,0.99960834,0.75970423,0.69976676,0.7165195
280,4532,25,49,0,0.9451965,0.94087636,0.9078113,0.8361701,0.84971714,0.7157077
281,2045,5363,49,0,0.9911429,0.9822897,0.9703416,0.86972076,0.77791584,0.71562904
282,2045,3640,49,0,0.9993346,0.9994473,0.9994953,0.869901,0.8012703,0.7155253
283,2045,5654,48,0,0.910508,0.95061296,0.95119345,0.74597603,0.72920597,0.7153129
284,481,905,49,0,0.99814683,0.99449265,0.99241185,0.869582,0.82057285,0.71526796
285,96,905,48,0,0.8798918,0.88412684,0.8937526,0.556903,0.75801575,0.7150351
286,3988,4595,48,0,0.7408369,0.93091124,0.9362365,0.24516296,0.72380745,0.7144007
287,3722,3897,49,0,0.9846727,0.9907375,0.9902762,0.93194675,0.69269127,0.71410155
288,2045,2063,49,0,0.97569567,0.9835796,0.9806104,0.71556586,0.7189245,0.71394306
289,1810,3722,48,0,0.9870646,0.99116737,0.99376065,0.81678593,0.72158617,0.71334875
290,3719,2045,49,0,0.99944335,0.99992186,0.99983835,0.92973596,0.81952673,0.7130603
291,5227,2045,49,0,0.8861,0.9501308,0.91714454,0.49347207,0.78299236,0.71271116
292,5508,25,48,0,0.9546078,0.94455606,0.9237738,0.6036546,0.7084066,0.71219105
293,1352,2067,48,0,0.87411726,0.826703,0.8190005,0.8655687,0.6667724,0.7120694
294,3722,4279,49,0,0.77790403,0.8201996,0.79413533,0.85279864,0.7626786,0.7119304
295,5227,2045,48,0,0.8064956,0.89079356,0.84406257,0.5072108,0.77012086,0.71182674
296,2045,1850,49,0,0.8269568,0.94337463,0.9511457,0.7108912,0.77184117,0.7115555
297,1352,3719,49,0,0.7367702,0.85600394,0.8496081,0.90752554,0.66316587,0.71152276
298,2045,5476,48,0,0.94953257,0.9699918,0.9669179,0.76407945,0.7162718,0.7112284
299,3988,1363,48,0,0.9951791,0.9836692,0.9796199,0.8904185,0.6902624,0.71105266
300,3804,2045,48,0,0.5950255,0.7318935,0.64671326,0.77690214,0.73818886,0.7109724
301,3451,1383,48,0,0.85729337,0.8228166,0.7900028,0.8821949,0.8157697,0.710474
302,1352,4553,48,0,0.70828474,0.92867494,0.91494334,0.5154326,0.71276855,0.71043015
303,1512,3722,48,0,0.99941236,0.99962896,0.9996765,0.9007112,0.7477763,0.71006984
304,3722,2067,48,0,0.76316345,0.8598791,0.85058516,0.85356176,0.7047691,0.70959145
305,2045,3451,49,0,0.9931649,0.9978916,0.9977411,0.63553375,0.7408679,0.70953006
306,1352,2296,48,0,0.49907386,0.61969906,0.7033756,0.59076136,0.6673687,0.70815057
307,2388,5231,49,0,0.8532034,0.9125595,0.91679764,0.7336457,0.75322986,0.70753294
308,1953,2045,49,0,0.99981,0.9996859,0.99949986,0.9275099,0.79806983,0.7072785
309,3451,1352,49,0,0.2636586,0.25866145,0.23324005,0.8008833,0.77103364,0.7070399
310,4365,5712,48,0,0.5964414,0.7848961,0.7898571,0.22079314,0.7404811,0.70680165
311,5508,5551,48,0,0.73939234,0.9282502,0.9495583,0.30445516,0.672696,0.7066218
312,3722,4532,49,0,0.72752416,0.9056721,0.88332725,0.6298465,0.7335499,0.70652354
313,2822,3722,48,0,0.99973226,0.9996961,0.99969876,0.8300861,0.7041403,0.70593613
314,1352,4694,48,0,0.8045508,0.8261289,0.82364345,0.9140249,0.7146179,0.7043675
315,2388,2498,48,0,0.99935657,0.99865776,0.99894506,0.9511058,0.78046453,0.7037439
316,3804,5712,48,0,0.85767674,0.8568493,0.836183,0.5701163,0.7368205,0.7036281
317,4649,135,49,0,0.9628273,0.9900152,0.9851775,0.6245269,0.78659,0.70299274
318,3988,96,48,0,0.913038,0.95751977,0.93451935,0.45979506,0.6663708,0.702523
319,5508,481,48,0,0.3212733,0.4582254,0.36931404,0.6164642,0.5978305,0.702414
320,2934,2017,49,0,0.9997441,0.9993456,0.999327,0.6516355,0.6826876,0.7022232
321,1018,905,48,0,0.9995919,0.9605515,0.96164745,0.9328795,0.72258914,0.70204437
322,4172,5654,48,0,0.9924746,0.98827755,0.9897598,0.8936065,0.7882012,0.702017
323,2045,4532,49,0,0.812437,0.9371102,0.9263547,0.56900305,0.7202451,0.70193064
324,3722,1850,49,0,0.6188513,0.8423342,0.7885805,0.5634705,0.7081742,0.7011481
325,3722,1185,49,0,0.9664965,0.94874215,0.95633024,0.836587,0.68151903,0.7007895
326,3722,2296,48,0,0.9723697,0.9782494,0.980195,0.62277246,0.680078,0.70074594
327,2045,5635,49,0,0.98374504,0.98894125,0.98872244,0.94541234,0.73829997,0.698929
328,3722,4559,48,0,0.97226584,0.978034,0.96730965,0.79255325,0.70646834,0.6979457
329,4172,5476,48,0,0.92602444,0.94384634,0.944615,0.633021,0.768186,0.6978798
330,3722,5594,48,0,0.9579383,0.9732329,0.98271203,0.6017133,0.72776353,0.6978189
331,3722,3451,48,0,0.8867532,0.97356594,0.9692733,0.47318053,0.74900085,0.6977027
332,5227,3722,48,0,0.90979725,0.9687419,0.95981723,0.5461143,0.7984018,0.69749576
333,3828,5712,48,0,0.54218847,0.64169604,0.6175338,0.2654018,0.7628052,0.6973827
334,5623,3722,48,0,0.9992441,0.9995294,0.99946064,0.7581223,0.70374763,0.69703406
335,2934,1383,49,0,0.99732053,0.99719477,0.99729323,0.670107,0.6664879,0.6968343
336,3722,5827,49,0,0.76182985,0.91603816,0.8943245,0.49454775,0.70252895,0.6966691
337,5528,2045,49,0,0.94899464,0.9910416,0.9859691,0.59540886,0.7436776,0.6966034
338,4172,25,48,0,0.99987054,0.9984878,0.998443,0.9394914,0.7519913,0.6963493
339,3988,3707,48,0,0.5407547,0.80524975,0.7606747,0.45849392,0.73374367,0.69628245
340,2934,1316,49,0,0.97030836,0.9939586,0.99228173,0.4043696,0.7107197,0.69569653
341,3722,1565,48,0,0.9888078,0.9922569,0.99062836,0.7688876,0.69678617,0.69560295
342,4172,481,48,0,0.9857138,0.9588631,0.95697355,0.92982244,0.73399466,0.69492036
343,3804,2388,49,0,0.9999038,0.9996154,0.9992893,0.9099089,0.7279554,0.6946056
344,3722,1953,49,0,0.7744489,0.8113738,0.8413069,0.861555,0.6542014,0.6943977
345,1352,1810,48,0,0.58122784,0.27666682,0.44851854,0.9076022,0.6917184,0.69436765
346,1810,1656,49,0,0.9997943,0.9992445,0.9992914,0.790093,0.73750126,0.69425124
347,3722,4686,49,0,0.8023117,0.9297706,0.939066,0.27751702,0.6919008,0.69422036
348,3722,4681,49,0,0.797173,0.9247179,0.9360461,0.28936172,0.69099104,0.69422036
349,3722,4694,48,0,0.9379814,0.94754446,0.9420138,0.9026882,0.7031392,0.6938981
350,1352,5189,49,0,0.88826954,0.9377822,0.9380475,0.54202724,0.78838795,0.69386137
351,2045,2322,49,0,0.78832096,0.8958713,0.8836115,0.6660301,0.65281063,0.6938097
352,2942,1352,49,0,0.63221294,0.5896167,0.5834564,0.5249435,0.7849844,0.6937084
353,2388,3699,49,0,0.9834792,0.98241407,0.9831455,0.6389312,0.7037067,0.6933643
354,1352,5363,48,0,0.7071445,0.8423904,0.83075076,0.8736565,0.6941843,0.6933284
355,1352,4748,49,0,0.7886156,0.9049795,0.92277175,0.42328066,0.70211947,0.692393
356,3640,1383,48,0,0.98991185,0.9893659,0.9861827,0.75157666,0.8080174,0.6922944
357,4532,4531,49,0,0.8076287,0.9161675,0.8820825,0.62876093,0.8141928,0.69216037
358,3988,5609,48,0,0.9711215,0.9598503,0.9642963,0.8758961,0.69841695,0.6919136
359,3722,3451,49,0,0.95972794,0.9779043,0.9765678,0.46842667,0.7223623,0.6916181
360,3722,4172,49,0,0.9999709,0.9999162,0.9999222,0.8604649,0.7193232,0.6915279
361,3451,2942,49,0,0.9257245,0.7953233,0.765844,0.5281875,0.7716504,0.6913113
362,3719,905,49,0,0.999844,0.99964297,0.99947554,0.95334005,0.8398838,0.6910227
363,1352,96,48,0,0.8719053,0.97568405,0.97080487,0.52617353,0.7071134,0.6909715
364,1352,5565,48,0,0.5837881,0.90287477,0.8784418,0.25283512,0.6563704,0.6900895
365,2045,3903,48,0,0.9434507,0.94108164,0.9379215,0.9427022,0.6615337,0.6900267
366,3722,4707,49,0,0.78567857,0.93074054,0.9373397,0.29597458,0.6770232,0.6900217
367,3804,905,48,0,0.8651356,0.80850756,0.7796713,0.73706007,0.7555007,0.688387
368,1352,2063,49,0,0.74734604,0.83928484,0.8249267,0.59004027,0.6489253,0.6881659
369,3722,2647,48,0,0.61436033,0.8368129,0.83942634,0.40950006,0.68993884,0.6875199
370,3707,3903,48,0,0.60416716,0.66964924,0.5754612,0.76856935,0.68073386,0.6870485
371,3722,4559,49,0,0.9839357,0.9704347,0.95856786,0.81188685,0.67183036,0.6866974
372,3722,4172,48,0,0.99992836,0.999876,0.9998727,0.84549135,0.7351247,0.68598557
373,1352,5801,48,0,0.7380899,0.9415655,0.9406469,0.3272829,0.74094224,0.6859786
374,3722,4701,49,0,0.7942961,0.9232415,0.93511355,0.265432,0.68964165,0.68548983
375,3988,5608,48,0,0.97993654,0.9461228,0.9517744,0.87415147,0.6472168,0.6853814
376,3640,1656,49,0,0.7631404,0.89051557,0.8404623,0.732651,0.75867635,0.6853253
377,545,135,49,0,0.99556035,0.99687713,0.9967301,0.7514666,0.67309767,0.6851771
378,3451,5227,48,0,0.9950543,0.9809393,0.9715605,0.5970763,0.67449117,0.68456304
379,1352,4694,49,0,0.7976425,0.62513,0.6284707,0.9139131,0.74286133,0.68446195
380,481,135,49,0,0.92293954,0.9827099,0.97704214,0.8783883,0.7772713,0.6844553
381,3722,4867,48,0,0.75201684,0.9317078,0.91340846,0.59811026,0.7204796,0.6834579
382,3451,4649,48,0,0.86724186,0.9168787,0.89930356,0.5114555,0.6923079,0.6832442
383,3451,2187,48,0,0.43968436,0.5214835,0.45049688,0.70931464,0.6688399,0.6832007
384,1352,5827,48,0,0.6639223,0.92796725,0.91394454,0.33339527,0.64672846,0.68304646
385,3722,5363,49,0,0.882079,0.8659672,0.8381913,0.92869073,0.7783532,0.68189466
386,3722,361,48,0,0.98320544,0.9950624,0.99359155,0.68225163,0.7316519,0.6818352
387,3722,2322,49,0,0.8412278,0.9129782,0.8883249,0.68106425,0.6618137,0.6817872
388,3722,4744,49,0,0.8312274,0.935378,0.9457787,0.2467189,0.6830974,0.6809981
389,3655,2045,49,0,0.7464812,0.9369337,0.9087959,0.32899636,0.7271457,0.68092877
390,3828,2045,49,0,0.9910957,0.99071085,0.98404944,0.4490889,0.7367095,0.6802578
391,96,905,49,0,0.9488092,0.95950246,0.9574046,0.52489936,0.7406633,0.6796942
392,3722,5066,49,0,0.8553537,0.95026857,0.95125175,0.36614245,0.7125984,0.67941105
393,2045,5525,49,0,0.97656024,0.98858505,0.9902455,0.74273664,0.7504463,0.67895186
394,1352,2647,48,0,0.42665687,0.66540915,0.6829124,0.39710587,0.6710692,0.67841834
395,3722,1953,48,0,0.62087214,0.76901805,0.7987991,0.8567905,0.6702606,0.67757845
396,3722,1154,48,0,0.9901159,0.9900703,0.9881344,0.8986318,0.71912336,0.6775652
397,4532,4681,49,0,0.75985116,0.90887845,0.87773365,0.70883536,0.81163096,0.677414
398,2934,545,49,0,0.41577768,0.78639966,0.775057,0.13543305,0.7075994,0.6770603
399,5508,5654,48,0,0.9562314,0.9809327,0.97744024,0.41088334,0.58682305,0.67695886
400,4291,905,49,0,1.0,0.99999744,0.9999948,0.9093483,0.726345,0.67686033
401,4172,5227,48,0,0.9991187,0.9951629,0.9945762,0.75175375,0.7172341,0.6767008
402,3722,1565,49,0,0.9985172,0.99744695,0.9970315,0.7739744,0.6686861,0.67617416
403,3722,3719,48,0,0.7407854,0.90259176,0.8869832,0.90468174,0.7169218,0.6758233
404,2934,3903,49,0,0.80107707,0.94482344,0.94661826,0.6487305,0.6668804,0.6754164
405,1352,5827,49,0,0.6729661,0.8364132,0.812645,0.32527363,0.6057883,0.67433745
406,3722,361,49,0,0.99559784,0.997896,0.99740624,0.68505615,0.6816634,0.6743266
407,5827,2045,49,0,0.69788474,0.94878167,0.90784216,0.30391395,0.7356476,0.67427826
408,3722,3452,49,0,0.97526854,0.99018455,0.98822546,0.68530774,0.67758214,0.6742075
409,4532,4686,49,0,0.7681686,0.9158402,0.88432115,0.7424977,0.8088894,0.67294383
410,1352,3451,48,0,0.5547658,0.85655195,0.84419084,0.4104812,0.67224455,0.67291224
411,2934,4694,49,0,0.8239286,0.8402674,0.8531773,0.63676876,0.6690687,0.6726315
412,1352,3719,48,0,0.7462807,0.89869547,0.8932485,0.927891,0.6816986,0.6725557
413,3988,4385,48,0,0.74563694,0.8146436,0.7645551,0.6646375,0.65019184,0.6721225
414,1018,3722,49,0,0.9325192,0.9426101,0.95687157,0.7453659,0.7529044,0.6720007
415,2388,6,48,0,0.9833182,0.9845525,0.983484,0.9406508,0.7530931,0.6717134
416,3649,3722,49,0,0.9972016,0.99563664,0.9949315,0.7942538,0.7637511,0.6715753
417,2388,4519,49,0,0.9476988,0.94263077,0.9388818,0.8911116,0.68627256,0.6712922
418,3640,2498,48,0,0.9504239,0.9476137,0.92592996,0.7547626,0.80236024,0.6712821
419,3707,25,48,0,0.89077365,0.90122217,0.8675497,0.5700789,0.7299738,0.6710116
420,4611,2045,49,0,0.99986035,0.9998793,0.99978423,0.85731244,0.78601825,0.6703771
421,2934,62,49,0,0.96252763,0.9780523,0.97516125,0.6781298,0.6663824,0.67004293
422,2045,2067,49,0,0.99864477,0.99560255,0.9959902,0.8750911,0.62735647,0.6696078
423,4532,3903,49,0,0.6000362,0.816374,0.7877631,0.86059326,0.7993352,0.66836363
424,4532,481,49,0,0.5947754,0.87460464,0.8515284,0.8823789,0.767697,0.6680289
425,3988,5654,49,0,0.9992023,0.99691314,0.9969625,0.9447517,0.7269201,0.6679974
426,2388,1383,48,0,0.99922144,0.997749,0.99830806,0.9238421,0.75448436,0.667894
427,2934,905,48,0,0.9627898,0.9165271,0.9198502,0.908985,0.71359646,0.6674251
428,1352,5635,48,0,0.9265685,0.9498216,0.94185275,0.9337577,0.6891956,0.66727203
429,2045,25,48,0,0.99764216,0.9959616,0.99737525,0.9076384,0.66476476,0.6668044
430,35,5712,48,0,0.4645487,0.12004395,0.10699195,0.14886157,0.6986923,0.66657704
431,1947,2045,49,0,0.996672,0.9994157,0.9994968,0.77638525,0.6843373,0.6664519
432,1352,5578,48,0,0.94903547,0.97754735,0.98330647,0.5904582,0.6915852,0.66594875
433,3649,5712,49,0,0.9123031,0.93560296,0.93232065,0.74716085,0.7337851,0.6654778
434,3722,3598,49,0,0.74610746,0.88603574,0.8645696,0.49721915,0.6938408,0.6647966
435,5825,905,48,0,0.6176814,0.7692263,0.78307855,0.1744002,0.7046496,0.66462576
436,3988,4532,48,0,0.97171986,0.9678068,0.9629126,0.48926327,0.6318858,0.664382
437,5508,6,48,0,0.7863077,0.90928376,0.88835603,0.8158379,0.6697891,0.6643478
438,3451,5508,49,0,0.47636193,0.5754303,0.50956815,0.3052172,0.7198321,0.66415244
439,3988,1565,48,0,0.9948368,0.9814121,0.9693513,0.75294626,0.62274855,0.6641092
440,545,3722,49,0,0.9999861,0.9999737,0.99998,0.8449148,0.70607245,0.66410226
441,2388,2194,48,0,0.96890444,0.9542557,0.95478314,0.8796955,0.6798618,0.6632143
442,3722,1656,48,0,0.9874773,0.99098206,0.988695,0.9363556,0.71909064,0.662872
443,3722,2252,49,0,0.630044,0.8553513,0.8080624,0.51080316,0.6577559,0.66272897
444,4172,5827,48,0,0.99815357,0.9989619,0.9989495,0.8136629,0.72969306,0.6619796
445,4304,2045,49,0,0.74154395,0.90608025,0.86394113,0.56927466,0.7149364,0.6618909
446,35,2045,48,0,0.0010989291,1.9913012e-05,4.4922115e-05,0.37400877,0.71629477,0.66143245
447,4172,62,48,0,0.9977955,0.99315846,0.9936739,0.93036354,0.7853288,0.66138244
448,4172,2388,49,0,0.99961305,0.9774097,0.9722169,0.8915869,0.6787999,0.6610876
449,3722,3699,49,0,0.4315562,0.80956703,0.7812351,0.26211572,0.59475094,0.6610338
450,1352,5231,49,0,0.67759305,0.8661592,0.84654766,0.38042274,0.6435368,0.6606068
451,361,2942,49,0,0.9800849,0.97715884,0.9831292,0.51773393,0.7541409,0.66010857
452,4365,135,48,0,0.8311307,0.80434984,0.76541823,0.45384705,0.68492734,0.6598154
453,1018,135,49,0,0.9183728,0.89561087,0.8859651,0.66951656,0.73550713,0.65973246
454,96,2388,49,0,0.89005697,0.9139993,0.9120751,0.50871223,0.74933463,0.65926415
455,2934,4649,49,0,0.87852705,0.96677995,0.9659609,0.41899619,0.6120611,0.6587147
456,3722,1154,49,0,0.9915366,0.9814045,0.9820238,0.90507,0.62380314,0.6582251
457,2045,4553,49,0,0.89298457,0.95470697,0.94746774,0.57312846,0.66212064,0.65766543
458,1352,2067,49,0,0.87754256,0.7425772,0.72579396,0.88170826,0.6025109,0.65759057
459,3722,4382,49,0,0.74219054,0.9271499,0.909288,0.46908984,0.7154739,0.657385
460,3722,3452,48,0,0.92847496,0.97767,0.97138643,0.6742108,0.7206435,0.65724134
461,2045,5754,49,0,0.9511934,0.9853649,0.9784767,0.55004746,0.7884421,0.65666056
462,35,3722,48,0,0.00547629,0.00079951924,0.0015788148,0.32098266,0.71194303,0.65656507
463,1352,3040,48,0,0.85122716,0.89338195,0.8834373,0.67991304,0.6700654,0.656397
464,5065,3722,49,0,0.9919958,0.9872283,0.98341364,0.53863853,0.71668684,0.6563096
465,1639,2045,49,0,0.89010894,0.9202283,0.8997173,0.67848694,0.6998958,0.6562831
466,3722,5508,48,0,0.9996075,0.99985,0.99984765,0.6431954,0.7499058,0.6562351
467,5227,905,48,0,0.6913349,0.7409189,0.7158739,0.36990455,0.7250487,0.6561606
468,4559,905,48,0,0.9999873,0.9995517,0.99951696,0.98141193,0.77149856,0.65597814
469,2388,5476,49,0,0.92746276,0.9178206,0.9212802,0.6308846,0.68591714,0.65568364
470,1810,5231,49,0,0.99083906,0.9931847,0.9921138,0.60753894,0.68202287,0.6554169
471,3451,5654,49,0,0.88409066,0.68655276,0.6900508,0.8761869,0.7367388,0.6550423
472,3988,2252,48,0,0.6371899,0.86838853,0.8324024,0.38701183,0.5403707,0.65470546
473,2388,1316,49,0,0.9153624,0.943798,0.9281458,0.54609686,0.7047034,0.6546881
474,96,5712,48,0,0.46982417,0.7415159,0.7329908,0.31469983,0.7225696,0.6546248
475,3598,2045,49,0,0.9430943,0.97683626,0.9663382,0.45985824,0.7219004,0.6544631
476,3640,3988,48,0,0.73932195,0.8669572,0.81547785,0.38538054,0.784618,0.6543764
477,3878,25,48,0,0.9198312,0.90854865,0.89610076,0.6431829,0.7160731,0.6543194
478,1352,96,49,0,0.8642121,0.937761,0.93000674,0.5666174,0.7061536,0.6543096
479,1352,1991,48,0,0.74526995,0.7346501,0.7094128,0.75164264,0.6119952,0.6542962
480,1735,3722,48,0,0.9998534,0.99984074,0.99985605,0.86186564,0.76847804,0.6538522
481,1352,4707,49,0,0.5945574,0.83033437,0.85607857,0.25299397,0.63290864,0.6537791
482,5712,5630,49,0,0.9373685,0.9820096,0.9817235,0.77406186,0.70257086,0.65355307
483,4197,2045,48,0,0.9997735,0.99577266,0.9942982,0.52171457,0.70063335,0.65347624
484,3804,3722,48,0,0.9082558,0.95773077,0.9466531,0.82983315,0.7638112,0.6520657
485,1352,3452,48,0,0.77183384,0.9066677,0.88809294,0.62777615,0.6369389,0.6519777
486,1352,3897,49,0,0.72388333,0.7861603,0.79096454,0.94109464,0.65143657,0.6512042
487,4172,1352,49,0,0.55831873,0.42263287,0.5071304,0.89055175,0.6811168,0.6508026
488,4365,4519,48,0,0.5000101,0.76941323,0.7553151,0.22771846,0.69376016,0.6504281
489,2045,1154,49,0,0.94527954,0.9275224,0.9237434,0.90946865,0.671385,0.65039045
490,3988,1026,48,0,0.69086176,0.9073429,0.8821724,0.25718942,0.62672096,0.6503141
491,3722,1334,48,1,0.8536828,0.9141545,0.9133688,0.6686369,0.6825188,0.6499296
492,3640,4649,48,0,0.68557787,0.8899715,0.83459765,0.4674849,0.8325104,0.6497898
493,1352,4172,48,0,0.16250464,0.27156523,0.35564762,0.71616155,0.6760088,0.649781
494,2045,4075,49,0,0.9799816,0.96756333,0.9713332,0.9258088,0.6408912,0.64968705
495,3988,2214,48,0,0.96419555,0.8244614,0.7646697,0.93946856,0.5969414,0.649602
496,2658,3722,49,0,0.74401456,0.9269316,0.9367607,0.91285396,0.7375289,0.64942217
497,361,905,48,0,0.9993277,0.9957602,0.9957487,0.89148813,0.73610634,0.64930284
498,4197,5712,48,0,0.71367306,0.69202095,0.68335116,0.23320107,0.7466299,0.64898276
499,2045,2252,49,0,0.86509985,0.9506241,0.9575436,0.523402,0.6476312,0.64848745
500,3451,1991,48,0,0.80581564,0.6155912,0.5457027,0.8832874,0.61935145,0.6484245
