comparison,metric,fold_k,value_A,value_B,delta
lgbm S+T - lgbm S,roc_auc,25,0.8983963396339635,0.8649479947994799,0.03344834483448356
lgbm S+T - lgbm S,roc_auc,26,0.8087353218158029,0.8618436382728706,-0.053108316457067706
lgbm S+T - lgbm S,roc_auc,27,0.8652012372727211,0.8108696630547295,0.05433157421799162
lgbm S+T - lgbm S,roc_auc,28,0.8746667000050008,0.7772640062676068,0.09740269373739396
lgbm S+T - lgbm S,roc_auc,29,0.9088385232830399,0.857563853728451,0.051274669554588925
lgbm S+T - lgbm S,roc_auc,30,0.8943379608001131,0.9322316847893638,-0.03789372398925073
lgbm S+T - lgbm S,roc_auc,31,0.8612672867520272,0.8211174344926688,0.04014985225935841
lgbm S+T - lgbm S,roc_auc,32,0.7802485062126553,0.7541738543463586,0.02607465186629665
lgbm S+T - lgbm S,roc_auc,33,0.7413384035361414,0.8353396635865435,-0.0940012600504021
lgbm S+T - lgbm S,roc_auc,34,0.911728781446616,0.9414545072706271,-0.029725725824011118
lgbm S+T - lgbm S,roc_auc,35,0.768768483470645,0.6378231464860362,0.13094533698460875
lgbm S+T - lgbm S,roc_auc,36,0.8256141741339307,0.7752904607368589,0.050323713397071757
lgbm S+T - lgbm S,roc_auc,37,0.8971124278106952,0.9507207680192005,-0.053608340208505245
lgbm S+T - lgbm S,roc_auc,38,0.8503470173508675,0.7696037301865094,0.08074328716435808
lgbm S+T - lgbm S,roc_auc,39,0.9501538248059844,0.9675233393671494,-0.017369514561164978
lgbm S+T - lgbm S,roc_auc,40,0.9556913754005338,0.8851124067708225,0.07057896862971136
lgbm S+T - lgbm S,roc_auc,41,0.9664717212960826,0.9230511275532925,0.04342059374279006
lgbm S+T - lgbm S,roc_auc,42,0.9529255149797828,0.8216232475829645,0.13130226739681838
lgbm S+T - lgbm S,roc_auc,43,0.9049345804220457,0.8353164147036014,0.06961816571844426
lgbm S+T - lgbm S,roc_auc,44,0.862750877489114,0.8696456859973218,-0.006894808508207784
lgbm S+T - lgbm S,roc_auc,45,0.9175024938357881,0.9229676581409931,-0.00546516430520505
lgbm S+T - lgbm S,roc_auc,46,0.8993723830574873,0.8835337035239996,0.01583867953348772
lgbm S+T - lgbm S,roc_auc,47,0.9735151551519515,0.9391160272566041,0.03439912789534738
lgbm S+T - lgbm S,roc_auc,48,0.9477204243668186,0.8564382010386811,0.09128222332813751
lgbm S+T - lgbm S,roc_auc,49,0.9084637100305485,0.8630915890931756,0.04537212093737286
lgbm S+T - lgbm S,pr_auc,25,0.008829213324036734,0.013982499424878213,-0.005153286100841479
lgbm S+T - lgbm S,pr_auc,26,0.0016685248136633919,0.0012918347022948546,0.0003766901113685373
lgbm S+T - lgbm S,pr_auc,27,0.014088633777180868,0.005378699806399892,0.008709933970780976
lgbm S+T - lgbm S,pr_auc,28,0.055905041920841295,0.008339112195307505,0.04756592972553379
lgbm S+T - lgbm S,pr_auc,29,0.024274809306388805,0.04480249128410383,-0.020527681977715026
lgbm S+T - lgbm S,pr_auc,30,0.004816435817500531,0.02057427352802983,-0.0157578377105293
lgbm S+T - lgbm S,pr_auc,31,0.010805308282119033,0.009689354608963658,0.0011159536731553746
lgbm S+T - lgbm S,pr_auc,32,0.00011912677662196132,6.072232588933365e-05,5.8404450732627666e-05
lgbm S+T - lgbm S,pr_auc,33,0.00029146145705352775,0.00017930537007939174,0.00011215608697413601
lgbm S+T - lgbm S,pr_auc,34,0.06663693821812795,0.013888257719065608,0.052748680499062346
lgbm S+T - lgbm S,pr_auc,35,0.0011953555936431437,0.00044759091849208565,0.000747764675151058
lgbm S+T - lgbm S,pr_auc,36,0.01282834470826337,0.001479900512576034,0.011348444195687335
lgbm S+T - lgbm S,pr_auc,37,0.00318756599912051,0.0020171344299673745,0.0011704315691531356
lgbm S+T - lgbm S,pr_auc,38,0.0003373298375869345,0.0002629745388576876,7.435529872924692e-05
lgbm S+T - lgbm S,pr_auc,39,0.05633313061123951,0.007494321644717678,0.04883880896652183
lgbm S+T - lgbm S,pr_auc,40,0.00893173277958699,0.00554187425120026,0.00338985852838673
lgbm S+T - lgbm S,pr_auc,41,0.005508448858436616,0.0022727231452290457,0.0032357257132075703
lgbm S+T - lgbm S,pr_auc,42,0.0055817158139435455,0.0018858636233638891,0.0036958521905796566
lgbm S+T - lgbm S,pr_auc,43,0.0016199561684589164,0.0031379678132380444,-0.001518011644779128
lgbm S+T - lgbm S,pr_auc,44,0.005078741352263326,0.005169660356622632,-9.091900435930639e-05
lgbm S+T - lgbm S,pr_auc,45,0.10223138546698855,0.010499347569642898,0.09173203789734566
lgbm S+T - lgbm S,pr_auc,46,0.003853694325562225,0.0008747932687847447,0.0029789010567774802
lgbm S+T - lgbm S,pr_auc,47,0.012686233993087477,0.004448550019946667,0.00823768397314081
lgbm S+T - lgbm S,pr_auc,48,0.06704755665899434,0.02005385140899886,0.04699370524999548
lgbm S+T - lgbm S,pr_auc,49,0.004184937581984122,0.006871723001412601,-0.0026867854194284786
lgbm S+T - lgbm S,p@50,25,0.04,0.02,0.02
lgbm S+T - lgbm S,p@50,26,0.0,0.0,0.0
lgbm S+T - lgbm S,p@50,27,0.04,0.0,0.04
lgbm S+T - lgbm S,p@50,28,0.06,0.06,0.0
lgbm S+T - lgbm S,p@50,29,0.06,0.08,-0.020000000000000004
lgbm S+T - lgbm S,p@50,30,0.0,0.04,-0.04
lgbm S+T - lgbm S,p@50,31,0.02,0.06,-0.039999999999999994
lgbm S+T - lgbm S,p@50,32,0.0,0.0,0.0
lgbm S+T - lgbm S,p@50,33,0.0,0.0,0.0
lgbm S+T - lgbm S,p@50,34,0.06,0.02,0.039999999999999994
lgbm S+T - lgbm S,p@50,35,0.0,0.0,0.0
lgbm S+T - lgbm S,p@50,36,0.02,0.0,0.02
lgbm S+T - lgbm S,p@50,37,0.0,0.0,0.0
lgbm S+T - lgbm S,p@50,38,0.0,0.0,0.0
lgbm S+T - lgbm S,p@50,39,0.04,0.02,0.02
lgbm S+T - lgbm S,p@50,40,0.02,0.0,0.02
lgbm S+T - lgbm S,p@50,41,0.02,0.0,0.02
lgbm S+T - lgbm S,p@50,42,0.02,0.0,0.02
lgbm S+T - lgbm S,p@50,43,0.0,0.02,-0.02
lgbm S+T - lgbm S,p@50,44,0.0,0.0,0.0
lgbm S+T - lgbm S,p@50,45,0.08,0.02,0.06
lgbm S+T - lgbm S,p@50,46,0.0,0.0,0.0
lgbm S+T - lgbm S,p@50,47,0.02,0.02,0.0
lgbm S+T - lgbm S,p@50,48,0.04,0.06,-0.019999999999999997
lgbm S+T - lgbm S,p@50,49,0.02,0.0,0.02
lgbm S+T - lgbm S,p@100,25,0.02,0.01,0.01
lgbm S+T - lgbm S,p@100,26,0.0,0.0,0.0
lgbm S+T - lgbm S,p@100,27,0.03,0.02,0.009999999999999998
lgbm S+T - lgbm S,p@100,28,0.06,0.03,0.03
lgbm S+T - lgbm S,p@100,29,0.03,0.04,-0.010000000000000002
lgbm S+T - lgbm S,p@100,30,0.01,0.03,-0.019999999999999997
lgbm S+T - lgbm S,p@100,31,0.02,0.03,-0.009999999999999998
lgbm S+T - lgbm S,p@100,32,0.0,0.0,0.0
lgbm S+T - lgbm S,p@100,33,0.0,0.0,0.0
lgbm S+T - lgbm S,p@100,34,0.03,0.02,0.009999999999999998
lgbm S+T - lgbm S,p@100,35,0.0,0.0,0.0
lgbm S+T - lgbm S,p@100,36,0.02,0.0,0.02
lgbm S+T - lgbm S,p@100,37,0.01,0.0,0.01
lgbm S+T - lgbm S,p@100,38,0.0,0.0,0.0
lgbm S+T - lgbm S,p@100,39,0.05,0.01,0.04
lgbm S+T - lgbm S,p@100,40,0.02,0.01,0.01
lgbm S+T - lgbm S,p@100,41,0.01,0.0,0.01
lgbm S+T - lgbm S,p@100,42,0.01,0.01,0.0
lgbm S+T - lgbm S,p@100,43,0.0,0.01,-0.01
lgbm S+T - lgbm S,p@100,44,0.0,0.01,-0.01
lgbm S+T - lgbm S,p@100,45,0.04,0.01,0.03
lgbm S+T - lgbm S,p@100,46,0.0,0.0,0.0
lgbm S+T - lgbm S,p@100,47,0.01,0.01,0.0
lgbm S+T - lgbm S,p@100,48,0.03,0.03,0.0
lgbm S+T - lgbm S,p@100,49,0.01,0.02,-0.01
lgbm S+T+C - lgbm S+T,roc_auc,25,0.8974499949994998,0.8983963396339635,-0.0009463446344636361
lgbm S+T+C - lgbm S+T,roc_auc,26,0.8387632405763766,0.8087353218158029,0.030027918760573757
lgbm S+T+C - lgbm S+T,roc_auc,27,0.8789371647304658,0.8652012372727211,0.013735927457744657
lgbm S+T+C - lgbm S+T,roc_auc,28,0.8988903335500326,0.8746667000050008,0.024223633545031764
lgbm S+T+C - lgbm S+T,roc_auc,29,0.9294585455282328,0.9088385232830399,0.02062002224519288
lgbm S+T+C - lgbm S+T,roc_auc,30,0.9067809746682267,0.8943379608001131,0.01244301386811364
lgbm S+T+C - lgbm S+T,roc_auc,31,0.8190269491771225,0.8612672867520272,-0.04224033757490475
lgbm S+T+C - lgbm S+T,roc_auc,32,0.8135373384334609,0.7802485062126553,0.033288832220805586
lgbm S+T+C - lgbm S+T,roc_auc,33,0.8411748969958799,0.7413384035361414,0.09983649345973844
lgbm S+T+C - lgbm S+T,roc_auc,34,0.9069162440297853,0.911728781446616,-0.004812537416830631
lgbm S+T+C - lgbm S+T,roc_auc,35,0.6896804800660473,0.768768483470645,-0.07908800340459765
lgbm S+T+C - lgbm S+T,roc_auc,36,0.8190061454916393,0.8256141741339307,-0.006608028642291375
lgbm S+T+C - lgbm S+T,roc_auc,37,0.9162619065476637,0.8971124278106952,0.019149478736968484
lgbm S+T+C - lgbm S+T,roc_auc,38,0.9047532376618831,0.8503470173508675,0.05440622031101561
lgbm S+T+C - lgbm S+T,roc_auc,39,0.9662041713337066,0.9501538248059844,0.016050346527722192
lgbm S+T+C - lgbm S+T,roc_auc,40,0.9594217217979594,0.9556913754005338,0.0037303463974255324
lgbm S+T+C - lgbm S+T,roc_auc,41,0.9782623392371377,0.9664717212960826,0.01179061794105507
lgbm S+T+C - lgbm S+T,roc_auc,42,0.9629140267651523,0.9529255149797828,0.009988511785369414
lgbm S+T+C - lgbm S+T,roc_auc,43,0.9070455254299266,0.9049345804220457,0.0021109450078808933
lgbm S+T+C - lgbm S+T,roc_auc,44,0.9138167052103321,0.862750877489114,0.05106582772121804
lgbm S+T+C - lgbm S+T,roc_auc,45,0.9503484923306759,0.9175024938357881,0.032845998494887785
lgbm S+T+C - lgbm S+T,roc_auc,46,0.8111915287436879,0.8993723830574873,-0.0881808543137994
lgbm S+T+C - lgbm S+T,roc_auc,47,0.9768405541998373,0.9735151551519515,0.0033253990478857576
lgbm S+T+C - lgbm S+T,roc_auc,48,0.9537876638926522,0.9477204243668186,0.0060672395258336564
lgbm S+T+C - lgbm S+T,roc_auc,49,0.9217070117506453,0.9084637100305485,0.0132433017200968
lgbm S+T+C - lgbm S+T,pr_auc,25,0.006367439046769105,0.008829213324036734,-0.002461774277267629
lgbm S+T+C - lgbm S+T,pr_auc,26,0.0016142890801639112,0.0016685248136633919,-5.423573349948069e-05
lgbm S+T+C - lgbm S+T,pr_auc,27,0.014717655684157447,0.014088633777180868,0.0006290219069765794
lgbm S+T+C - lgbm S+T,pr_auc,28,0.02832848022119086,0.055905041920841295,-0.027576561699650434
lgbm S+T+C - lgbm S+T,pr_auc,29,0.012654500936337514,0.024274809306388805,-0.011620308370051291
lgbm S+T+C - lgbm S+T,pr_auc,30,0.005463880678637494,0.004816435817500531,0.0006474448611369634
lgbm S+T+C - lgbm S+T,pr_auc,31,0.019546933554998522,0.010805308282119033,0.00874162527287949
lgbm S+T+C - lgbm S+T,pr_auc,32,0.00012760056059016268,0.00011912677662196132,8.473783968201363e-06
lgbm S+T+C - lgbm S+T,pr_auc,33,0.000356051154320164,0.00029146145705352775,6.458969726663624e-05
lgbm S+T+C - lgbm S+T,pr_auc,34,0.043392798042413375,0.06663693821812795,-0.023244140175714578
lgbm S+T+C - lgbm S+T,pr_auc,35,0.0017375750305954232,0.0011953555936431437,0.0005422194369522795
lgbm S+T+C - lgbm S+T,pr_auc,36,0.015451575973019016,0.01282834470826337,0.0026232312647556464
lgbm S+T+C - lgbm S+T,pr_auc,37,0.007714032176370228,0.00318756599912051,0.004526466177249718
lgbm S+T+C - lgbm S+T,pr_auc,38,0.000672743449768385,0.0003373298375869345,0.0003354136121814505
lgbm S+T+C - lgbm S+T,pr_auc,39,0.014700309880572564,0.05633313061123951,-0.041632820730666945
lgbm S+T+C - lgbm S+T,pr_auc,40,0.01480881182154797,0.00893173277958699,0.00587707904196098
lgbm S+T+C - lgbm S+T,pr_auc,41,0.007625475630966249,0.005508448858436616,0.0021170267725296333
lgbm S+T+C - lgbm S+T,pr_auc,42,0.0046517505308183845,0.0055817158139435455,-0.000929965283125161
lgbm S+T+C - lgbm S+T,pr_auc,43,0.00193568358693113,0.0016199561684589164,0.0003157274184722137
lgbm S+T+C - lgbm S+T,pr_auc,44,0.007519482290374972,0.005078741352263326,0.002440740938111647
lgbm S+T+C - lgbm S+T,pr_auc,45,0.06369488198936406,0.10223138546698855,-0.038536503477624495
lgbm S+T+C - lgbm S+T,pr_auc,46,0.005822624525469057,0.003853694325562225,0.0019689301999068322
lgbm S+T+C - lgbm S+T,pr_auc,47,0.006542083571510412,0.012686233993087477,-0.006144150421577065
lgbm S+T+C - lgbm S+T,pr_auc,48,0.01659861783989695,0.06704755665899434,-0.050448938819097386
lgbm S+T+C - lgbm S+T,pr_auc,49,0.003157374494837841,0.004184937581984122,-0.001027563087146281
lgbm S+T+C - lgbm S+T,p@50,25,0.02,0.04,-0.02
lgbm S+T+C - lgbm S+T,p@50,26,0.0,0.0,0.0
lgbm S+T+C - lgbm S+T,p@50,27,0.06,0.04,0.019999999999999997
lgbm S+T+C - lgbm S+T,p@50,28,0.06,0.06,0.0
lgbm S+T+C - lgbm S+T,p@50,29,0.04,0.06,-0.019999999999999997
lgbm S+T+C - lgbm S+T,p@50,30,0.0,0.0,0.0
lgbm S+T+C - lgbm S+T,p@50,31,0.04,0.02,0.02
lgbm S+T+C - lgbm S+T,p@50,32,0.0,0.0,0.0
lgbm S+T+C - lgbm S+T,p@50,33,0.0,0.0,0.0
lgbm S+T+C - lgbm S+T,p@50,34,0.04,0.06,-0.019999999999999997
lgbm S+T+C - lgbm S+T,p@50,35,0.0,0.0,0.0
lgbm S+T+C - lgbm S+T,p@50,36,0.04,0.02,0.02
lgbm S+T+C - lgbm S+T,p@50,37,0.02,0.0,0.02
lgbm S+T+C - lgbm S+T,p@50,38,0.0,0.0,0.0
lgbm S+T+C - lgbm S+T,p@50,39,0.02,0.04,-0.02
lgbm S+T+C - lgbm S+T,p@50,40,0.02,0.02,0.0
lgbm S+T+C - lgbm S+T,p@50,41,0.02,0.02,0.0
lgbm S+T+C - lgbm S+T,p@50,42,0.02,0.02,0.0
lgbm S+T+C - lgbm S+T,p@50,43,0.0,0.0,0.0
lgbm S+T+C - lgbm S+T,p@50,44,0.0,0.0,0.0
lgbm S+T+C - lgbm S+T,p@50,45,0.08,0.08,0.0
lgbm S+T+C - lgbm S+T,p@50,46,0.0,0.0,0.0
lgbm S+T+C - lgbm S+T,p@50,47,0.0,0.02,-0.02
lgbm S+T+C - lgbm S+T,p@50,48,0.04,0.04,0.0
lgbm S+T+C - lgbm S+T,p@50,49,0.0,0.02,-0.02
lgbm S+T+C - lgbm S+T,p@100,25,0.01,0.02,-0.01
lgbm S+T+C - lgbm S+T,p@100,26,0.01,0.0,0.01
lgbm S+T+C - lgbm S+T,p@100,27,0.03,0.03,0.0
lgbm S+T+C - lgbm S+T,p@100,28,0.03,0.06,-0.03
lgbm S+T+C - lgbm S+T,p@100,29,0.03,0.03,0.0
lgbm S+T+C - lgbm S+T,p@100,30,0.0,0.01,-0.01
lgbm S+T+C - lgbm S+T,p@100,31,0.03,0.02,0.009999999999999998
lgbm S+T+C - lgbm S+T,p@100,32,0.0,0.0,0.0
lgbm S+T+C - lgbm S+T,p@100,33,0.0,0.0,0.0
lgbm S+T+C - lgbm S+T,p@100,34,0.02,0.03,-0.009999999999999998
lgbm S+T+C - lgbm S+T,p@100,35,0.0,0.0,0.0
lgbm S+T+C - lgbm S+T,p@100,36,0.02,0.02,0.0
lgbm S+T+C - lgbm S+T,p@100,37,0.01,0.01,0.0
lgbm S+T+C - lgbm S+T,p@100,38,0.0,0.0,0.0
lgbm S+T+C - lgbm S+T,p@100,39,0.01,0.05,-0.04
lgbm S+T+C - lgbm S+T,p@100,40,0.03,0.02,0.009999999999999998
lgbm S+T+C - lgbm S+T,p@100,41,0.01,0.01,0.0
lgbm S+T+C - lgbm S+T,p@100,42,0.01,0.01,0.0
lgbm S+T+C - lgbm S+T,p@100,43,0.0,0.0,0.0
lgbm S+T+C - lgbm S+T,p@100,44,0.02,0.0,0.02
lgbm S+T+C - lgbm S+T,p@100,45,0.04,0.04,0.0
lgbm S+T+C - lgbm S+T,p@100,46,0.02,0.0,0.02
lgbm S+T+C - lgbm S+T,p@100,47,0.01,0.01,0.0
lgbm S+T+C - lgbm S+T,p@100,48,0.03,0.03,0.0
lgbm S+T+C - lgbm S+T,p@100,49,0.0,0.01,-0.01
lgbm S+T+C - lgbm S,roc_auc,25,0.8974499949994998,0.8649479947994799,0.03250200020001992
lgbm S+T+C - lgbm S,roc_auc,26,0.8387632405763766,0.8618436382728706,-0.02308039769649395
lgbm S+T+C - lgbm S,roc_auc,27,0.8789371647304658,0.8108696630547295,0.06806750167573627
lgbm S+T+C - lgbm S,roc_auc,28,0.8988903335500326,0.7772640062676068,0.12162632728242573
lgbm S+T+C - lgbm S,roc_auc,29,0.9294585455282328,0.857563853728451,0.0718946917997818
lgbm S+T+C - lgbm S,roc_auc,30,0.9067809746682267,0.9322316847893638,-0.025450710121137088
lgbm S+T+C - lgbm S,roc_auc,31,0.8190269491771225,0.8211174344926688,-0.002090485315546342
lgbm S+T+C - lgbm S,roc_auc,32,0.8135373384334609,0.7541738543463586,0.059363484087102236
lgbm S+T+C - lgbm S,roc_auc,33,0.8411748969958799,0.8353396635865435,0.005835233409336338
lgbm S+T+C - lgbm S,roc_auc,34,0.9069162440297853,0.9414545072706271,-0.03453826324084175
lgbm S+T+C - lgbm S,roc_auc,35,0.6896804800660473,0.6378231464860362,0.0518573335800111
lgbm S+T+C - lgbm S,roc_auc,36,0.8190061454916393,0.7752904607368589,0.04371568475478038
lgbm S+T+C - lgbm S,roc_auc,37,0.9162619065476637,0.9507207680192005,-0.03445886147153676
lgbm S+T+C - lgbm S,roc_auc,38,0.9047532376618831,0.7696037301865094,0.1351495074753737
lgbm S+T+C - lgbm S,roc_auc,39,0.9662041713337066,0.9675233393671494,-0.0013191680334427858
lgbm S+T+C - lgbm S,roc_auc,40,0.9594217217979594,0.8851124067708225,0.07430931502713689
lgbm S+T+C - lgbm S,roc_auc,41,0.9782623392371377,0.9230511275532925,0.05521121168384513
lgbm S+T+C - lgbm S,roc_auc,42,0.9629140267651523,0.8216232475829645,0.1412907791821878
lgbm S+T+C - lgbm S,roc_auc,43,0.9070455254299266,0.8353164147036014,0.07172911072632515
lgbm S+T+C - lgbm S,roc_auc,44,0.9138167052103321,0.8696456859973218,0.044171019213010254
lgbm S+T+C - lgbm S,roc_auc,45,0.9503484923306759,0.9229676581409931,0.027380834189682735
lgbm S+T+C - lgbm S,roc_auc,46,0.8111915287436879,0.8835337035239996,-0.07234217478031169
lgbm S+T+C - lgbm S,roc_auc,47,0.9768405541998373,0.9391160272566041,0.03772452694323314
lgbm S+T+C - lgbm S,roc_auc,48,0.9537876638926522,0.8564382010386811,0.09734946285397117
lgbm S+T+C - lgbm S,roc_auc,49,0.9217070117506453,0.8630915890931756,0.05861542265746966
lgbm S+T+C - lgbm S,pr_auc,25,0.006367439046769105,0.013982499424878213,-0.007615060378109108
lgbm S+T+C - lgbm S,pr_auc,26,0.0016142890801639112,0.0012918347022948546,0.0003224543778690566
lgbm S+T+C - lgbm S,pr_auc,27,0.014717655684157447,0.005378699806399892,0.009338955877757555
lgbm S+T+C - lgbm S,pr_auc,28,0.02832848022119086,0.008339112195307505,0.019989368025883355
lgbm S+T+C - lgbm S,pr_auc,29,0.012654500936337514,0.04480249128410383,-0.03214799034776632
lgbm S+T+C - lgbm S,pr_auc,30,0.005463880678637494,0.02057427352802983,-0.015110392849392335
lgbm S+T+C - lgbm S,pr_auc,31,0.019546933554998522,0.009689354608963658,0.009857578946034864
lgbm S+T+C - lgbm S,pr_auc,32,0.00012760056059016268,6.072232588933365e-05,6.687823470082904e-05
lgbm S+T+C - lgbm S,pr_auc,33,0.000356051154320164,0.00017930537007939174,0.00017674578424077225
lgbm S+T+C - lgbm S,pr_auc,34,0.043392798042413375,0.013888257719065608,0.029504540323347768
lgbm S+T+C - lgbm S,pr_auc,35,0.0017375750305954232,0.00044759091849208565,0.0012899841121033376
lgbm S+T+C - lgbm S,pr_auc,36,0.015451575973019016,0.001479900512576034,0.013971675460442982
lgbm S+T+C - lgbm S,pr_auc,37,0.007714032176370228,0.0020171344299673745,0.005696897746402854
lgbm S+T+C - lgbm S,pr_auc,38,0.000672743449768385,0.0002629745388576876,0.00040976891091069743
lgbm S+T+C - lgbm S,pr_auc,39,0.014700309880572564,0.007494321644717678,0.007205988235854887
lgbm S+T+C - lgbm S,pr_auc,40,0.01480881182154797,0.00554187425120026,0.00926693757034771
lgbm S+T+C - lgbm S,pr_auc,41,0.007625475630966249,0.0022727231452290457,0.005352752485737204
lgbm S+T+C - lgbm S,pr_auc,42,0.0046517505308183845,0.0018858636233638891,0.0027658869074544956
lgbm S+T+C - lgbm S,pr_auc,43,0.00193568358693113,0.0031379678132380444,-0.0012022842263069143
lgbm S+T+C - lgbm S,pr_auc,44,0.007519482290374972,0.005169660356622632,0.0023498219337523404
lgbm S+T+C - lgbm S,pr_auc,45,0.06369488198936406,0.010499347569642898,0.05319553441972116
lgbm S+T+C - lgbm S,pr_auc,46,0.005822624525469057,0.0008747932687847447,0.0049478312566843125
lgbm S+T+C - lgbm S,pr_auc,47,0.006542083571510412,0.004448550019946667,0.002093533551563745
lgbm S+T+C - lgbm S,pr_auc,48,0.01659861783989695,0.02005385140899886,-0.00345523356910191
lgbm S+T+C - lgbm S,pr_auc,49,0.003157374494837841,0.006871723001412601,-0.0037143485065747597
lgbm S+T+C - lgbm S,p@50,25,0.02,0.02,0.0
lgbm S+T+C - lgbm S,p@50,26,0.0,0.0,0.0
lgbm S+T+C - lgbm S,p@50,27,0.06,0.0,0.06
lgbm S+T+C - lgbm S,p@50,28,0.06,0.06,0.0
lgbm S+T+C - lgbm S,p@50,29,0.04,0.08,-0.04
lgbm S+T+C - lgbm S,p@50,30,0.0,0.04,-0.04
lgbm S+T+C - lgbm S,p@50,31,0.04,0.06,-0.019999999999999997
lgbm S+T+C - lgbm S,p@50,32,0.0,0.0,0.0
lgbm S+T+C - lgbm S,p@50,33,0.0,0.0,0.0
lgbm S+T+C - lgbm S,p@50,34,0.04,0.02,0.02
lgbm S+T+C - lgbm S,p@50,35,0.0,0.0,0.0
lgbm S+T+C - lgbm S,p@50,36,0.04,0.0,0.04
lgbm S+T+C - lgbm S,p@50,37,0.02,0.0,0.02
lgbm S+T+C - lgbm S,p@50,38,0.0,0.0,0.0
lgbm S+T+C - lgbm S,p@50,39,0.02,0.02,0.0
lgbm S+T+C - lgbm S,p@50,40,0.02,0.0,0.02
lgbm S+T+C - lgbm S,p@50,41,0.02,0.0,0.02
lgbm S+T+C - lgbm S,p@50,42,0.02,0.0,0.02
lgbm S+T+C - lgbm S,p@50,43,0.0,0.02,-0.02
lgbm S+T+C - lgbm S,p@50,44,0.0,0.0,0.0
lgbm S+T+C - lgbm S,p@50,45,0.08,0.02,0.06
lgbm S+T+C - lgbm S,p@50,46,0.0,0.0,0.0
lgbm S+T+C - lgbm S,p@50,47,0.0,0.02,-0.02
lgbm S+T+C - lgbm S,p@50,48,0.04,0.06,-0.019999999999999997
lgbm S+T+C - lgbm S,p@50,49,0.0,0.0,0.0
lgbm S+T+C - lgbm S,p@100,25,0.01,0.01,0.0
lgbm S+T+C - lgbm S,p@100,26,0.01,0.0,0.01
lgbm S+T+C - lgbm S,p@100,27,0.03,0.02,0.009999999999999998
lgbm S+T+C - lgbm S,p@100,28,0.03,0.03,0.0
lgbm S+T+C - lgbm S,p@100,29,0.03,0.04,-0.010000000000000002
lgbm S+T+C - lgbm S,p@100,30,0.0,0.03,-0.03
lgbm S+T+C - lgbm S,p@100,31,0.03,0.03,0.0
lgbm S+T+C - lgbm S,p@100,32,0.0,0.0,0.0
lgbm S+T+C - lgbm S,p@100,33,0.0,0.0,0.0
lgbm S+T+C - lgbm S,p@100,34,0.02,0.02,0.0
lgbm S+T+C - lgbm S,p@100,35,0.0,0.0,0.0
lgbm S+T+C - lgbm S,p@100,36,0.02,0.0,0.02
lgbm S+T+C - lgbm S,p@100,37,0.01,0.0,0.01
lgbm S+T+C - lgbm S,p@100,38,0.0,0.0,0.0
lgbm S+T+C - lgbm S,p@100,39,0.01,0.01,0.0
lgbm S+T+C - lgbm S,p@100,40,0.03,0.01,0.019999999999999997
lgbm S+T+C - lgbm S,p@100,41,0.01,0.0,0.01
lgbm S+T+C - lgbm S,p@100,42,0.01,0.01,0.0
lgbm S+T+C - lgbm S,p@100,43,0.0,0.01,-0.01
lgbm S+T+C - lgbm S,p@100,44,0.02,0.01,0.01
lgbm S+T+C - lgbm S,p@100,45,0.04,0.01,0.03
lgbm S+T+C - lgbm S,p@100,46,0.02,0.0,0.02
lgbm S+T+C - lgbm S,p@100,47,0.01,0.01,0.0
lgbm S+T+C - lgbm S,p@100,48,0.03,0.03,0.0
lgbm S+T+C - lgbm S,p@100,49,0.0,0.02,-0.02
lgbm S     - rf S,roc_auc,25,0.8649479947994799,0.8954011651165117,-0.030453170317031764
lgbm S     - rf S,roc_auc,26,0.8618436382728706,0.9177241626455318,-0.05588052437266122
lgbm S     - rf S,roc_auc,27,0.8108696630547295,0.8826719420559451,-0.07180227900121561
lgbm S     - rf S,roc_auc,28,0.7772640062676068,0.8930859628944341,-0.11582195662682726
lgbm S     - rf S,roc_auc,29,0.857563853728451,0.9511720159188144,-0.09360816219036339
lgbm S     - rf S,roc_auc,30,0.9322316847893638,0.9158842904717616,0.016347394317602237
lgbm S     - rf S,roc_auc,31,0.8211174344926688,0.9429595458263772,-0.12184211133370837
lgbm S     - rf S,roc_auc,32,0.7541738543463586,0.7583309582739568,-0.00415710392759816
lgbm S     - rf S,roc_auc,33,0.8353396635865435,0.7877393220728829,0.04760034151366066
lgbm S     - rf S,roc_auc,34,0.9414545072706271,0.9394530335532092,0.0020014737174178787
lgbm S     - rf S,roc_auc,35,0.6378231464860362,0.6866275649070875,-0.04880441842105132
lgbm S     - rf S,roc_auc,36,0.7752904607368589,0.7917749044923594,-0.01648444375550051
lgbm S     - rf S,roc_auc,37,0.9507207680192005,0.9503207580189504,0.0004000100002500284
lgbm S     - rf S,roc_auc,38,0.7696037301865094,0.7860515525776288,-0.016447822391119415
lgbm S     - rf S,roc_auc,39,0.9675233393671494,0.980486563925114,-0.012963224557964614
lgbm S     - rf S,roc_auc,40,0.8851124067708225,0.9557575235174244,-0.0706451167466019
lgbm S     - rf S,roc_auc,41,0.9230511275532925,0.9048687606303352,0.018182366922957383
lgbm S     - rf S,roc_auc,42,0.8216232475829645,0.851047536799431,-0.02942428921646656
lgbm S     - rf S,roc_auc,43,0.8353164147036014,0.8267895830569925,0.008526831646608946
lgbm S     - rf S,roc_auc,44,0.8696456859973218,0.8932131606423674,-0.023567474645045605
lgbm S     - rf S,roc_auc,45,0.9229676581409931,0.9458516368631265,-0.022883978722133325
lgbm S     - rf S,roc_auc,46,0.8835337035239996,0.8425094793969127,0.04102422412708695
lgbm S     - rf S,roc_auc,47,0.9391160272566041,0.9451684202104252,-0.006052392953821095
lgbm S     - rf S,roc_auc,48,0.8564382010386811,0.9035617097945764,-0.04712350875589533
lgbm S     - rf S,roc_auc,49,0.8630915890931756,0.8743824600627457,-0.011290870969570044
lgbm S     - rf S,pr_auc,25,0.013982499424878213,0.0217327862226574,-0.007750286797779187
lgbm S     - rf S,pr_auc,26,0.0012918347022948546,0.0027920655915092,-0.0015002308892143454
lgbm S     - rf S,pr_auc,27,0.005378699806399892,0.0018813744316862,0.0034973253747136923
lgbm S     - rf S,pr_auc,28,0.008339112195307505,0.0047497305549155,0.003589381640392006
lgbm S     - rf S,pr_auc,29,0.04480249128410383,0.0043449297342741,0.04045756154982973
lgbm S     - rf S,pr_auc,30,0.02057427352802983,0.0037212894308631,0.016852984097166727
lgbm S     - rf S,pr_auc,31,0.009689354608963658,0.0098585411137781,-0.00016918650481444197
lgbm S     - rf S,pr_auc,32,6.072232588933365e-05,5.897964703318254e-05,1.7426788561511139e-06
lgbm S     - rf S,pr_auc,33,0.00017930537007939174,0.0002843440649523,-0.00010503869487290827
lgbm S     - rf S,pr_auc,34,0.013888257719065608,0.002266237559826,0.011622020159239608
lgbm S     - rf S,pr_auc,35,0.00044759091849208565,0.000110217660627,0.00033737325786508565
lgbm S     - rf S,pr_auc,36,0.001479900512576034,0.0005757069096466,0.0009041936029294341
lgbm S     - rf S,pr_auc,37,0.0020171344299673745,0.0005539337874026,0.0014632006425647744
lgbm S     - rf S,pr_auc,38,0.0002629745388576876,0.0004010497723101,-0.00013807523345241239
lgbm S     - rf S,pr_auc,39,0.007494321644717678,0.0072253330596805,0.00026898858503717794
lgbm S     - rf S,pr_auc,40,0.00554187425120026,0.0073254717163321,-0.0017835974651318398
lgbm S     - rf S,pr_auc,41,0.0022727231452290457,0.001002975243839,0.0012697479013900458
lgbm S     - rf S,pr_auc,42,0.0018858636233638891,0.0032985533995151,-0.0014126897761512108
lgbm S     - rf S,pr_auc,43,0.0031379678132380444,0.0066304905858864,-0.003492522772648356
lgbm S     - rf S,pr_auc,44,0.005169660356622632,0.0057274189190295,-0.0005577585624068678
lgbm S     - rf S,pr_auc,45,0.010499347569642898,0.0045872095899432,0.005912137979699698
lgbm S     - rf S,pr_auc,46,0.0008747932687847447,0.0016716913378948,-0.0007968980691100552
lgbm S     - rf S,pr_auc,47,0.004448550019946667,0.0031941356479482,0.0012544143719984665
lgbm S     - rf S,pr_auc,48,0.02005385140899886,0.0512261154825996,-0.03117226407360074
lgbm S     - rf S,pr_auc,49,0.006871723001412601,0.0013853549244974,0.005486368076915201
lgbm S     - rf S,p@50,25,0.02,0.04,-0.02
lgbm S     - rf S,p@50,26,0.0,0.02,-0.02
lgbm S     - rf S,p@50,27,0.0,0.0,0.0
lgbm S     - rf S,p@50,28,0.06,0.0,0.06
lgbm S     - rf S,p@50,29,0.08,0.0,0.08
lgbm S     - rf S,p@50,30,0.04,0.0,0.04
lgbm S     - rf S,p@50,31,0.06,0.04,0.019999999999999997
lgbm S     - rf S,p@50,32,0.0,0.0,0.0
lgbm S     - rf S,p@50,33,0.0,0.0,0.0
lgbm S     - rf S,p@50,34,0.02,0.0,0.02
lgbm S     - rf S,p@50,35,0.0,0.0,0.0
lgbm S     - rf S,p@50,36,0.0,0.0,0.0
lgbm S     - rf S,p@50,37,0.0,0.0,0.0
lgbm S     - rf S,p@50,38,0.0,0.0,0.0
lgbm S     - rf S,p@50,39,0.02,0.0,0.02
lgbm S     - rf S,p@50,40,0.0,0.02,-0.02
lgbm S     - rf S,p@50,41,0.0,0.0,0.0
lgbm S     - rf S,p@50,42,0.0,0.0,0.0
lgbm S     - rf S,p@50,43,0.02,0.02,0.0
lgbm S     - rf S,p@50,44,0.0,0.02,-0.02
lgbm S     - rf S,p@50,45,0.02,0.0,0.02
lgbm S     - rf S,p@50,46,0.0,0.0,0.0
lgbm S     - rf S,p@50,47,0.02,0.0,0.02
lgbm S     - rf S,p@50,48,0.06,0.06,0.0
lgbm S     - rf S,p@50,49,0.0,0.0,0.0
lgbm S     - rf S,p@100,25,0.01,0.02,-0.01
lgbm S     - rf S,p@100,26,0.0,0.01,-0.01
lgbm S     - rf S,p@100,27,0.02,0.0,0.02
lgbm S     - rf S,p@100,28,0.03,0.01,0.019999999999999997
lgbm S     - rf S,p@100,29,0.04,0.01,0.03
lgbm S     - rf S,p@100,30,0.03,0.01,0.019999999999999997
lgbm S     - rf S,p@100,31,0.03,0.04,-0.010000000000000002
lgbm S     - rf S,p@100,32,0.0,0.0,0.0
lgbm S     - rf S,p@100,33,0.0,0.0,0.0
lgbm S     - rf S,p@100,34,0.02,0.01,0.01
lgbm S     - rf S,p@100,35,0.0,0.0,0.0
lgbm S     - rf S,p@100,36,0.0,0.0,0.0
lgbm S     - rf S,p@100,37,0.0,0.0,0.0
lgbm S     - rf S,p@100,38,0.0,0.0,0.0
lgbm S     - rf S,p@100,39,0.01,0.01,0.0
lgbm S     - rf S,p@100,40,0.01,0.02,-0.01
lgbm S     - rf S,p@100,41,0.0,0.0,0.0
lgbm S     - rf S,p@100,42,0.01,0.0,0.01
lgbm S     - rf S,p@100,43,0.01,0.01,0.0
lgbm S     - rf S,p@100,44,0.01,0.01,0.0
lgbm S     - rf S,p@100,45,0.01,0.0,0.01
lgbm S     - rf S,p@100,46,0.0,0.0,0.0
lgbm S     - rf S,p@100,47,0.01,0.0,0.01
lgbm S     - rf S,p@100,48,0.03,0.04,-0.010000000000000002
lgbm S     - rf S,p@100,49,0.02,0.0,0.02
lgbm S+T   - rf S+T,roc_auc,25,0.8983963396339635,0.9371577157715772,-0.03876137613761377
lgbm S+T   - rf S+T,roc_auc,26,0.8087353218158029,0.886115625338567,-0.07738030352276415
lgbm S+T   - rf S+T,roc_auc,27,0.8652012372727211,0.9499783779482466,-0.08477714067552544
lgbm S+T   - rf S+T,roc_auc,28,0.8746667000050008,0.9495127602473704,-0.07484606024236962
lgbm S+T   - rf S+T,roc_auc,29,0.9088385232830399,0.9736898564825496,-0.06485133319950964
lgbm S+T   - rf S+T,roc_auc,30,0.8943379608001131,0.924688299609544,-0.030350338809430943
lgbm S+T   - rf S+T,roc_auc,31,0.8612672867520272,0.9317111087702464,-0.0704438220182192
lgbm S+T   - rf S+T,roc_auc,32,0.7802485062126553,0.7815530388259706,-0.0013045326133153123
lgbm S+T   - rf S+T,roc_auc,33,0.7413384035361414,0.8707110784431378,-0.12937267490699633
lgbm S+T   - rf S+T,roc_auc,34,0.911728781446616,0.9452378971752536,-0.033509115728637684
lgbm S+T   - rf S+T,roc_auc,35,0.768768483470645,0.8325702434387325,-0.06380175996808757
lgbm S+T   - rf S+T,roc_auc,36,0.8256141741339307,0.8682682114569166,-0.042654037322985894
lgbm S+T   - rf S+T,roc_auc,37,0.8971124278106952,0.9517177929448236,-0.05460536513412839
lgbm S+T   - rf S+T,roc_auc,38,0.8503470173508675,0.8107737886894344,0.03957322866143309
lgbm S+T   - rf S+T,roc_auc,39,0.9501538248059844,0.96861561424914,-0.018461789443155574
lgbm S+T   - rf S+T,roc_auc,40,0.9556913754005338,0.9645960697940896,-0.00890469439355579
lgbm S+T   - rf S+T,roc_auc,41,0.9664717212960826,0.9804332079602096,-0.013961486664126999
lgbm S+T   - rf S+T,roc_auc,42,0.9529255149797828,0.9671590945270464,-0.014233579547263564
lgbm S+T   - rf S+T,roc_auc,43,0.9049345804220457,0.9571214668707704,-0.05218688644872471
lgbm S+T   - rf S+T,roc_auc,44,0.862750877489114,0.9130510534664684,-0.05030017597735437
lgbm S+T   - rf S+T,roc_auc,45,0.9175024938357881,0.9593404841200358,-0.04183799028424773
lgbm S+T   - rf S+T,roc_auc,46,0.8993723830574873,0.9414703398206552,-0.042097956763167854
lgbm S+T   - rf S+T,roc_auc,47,0.9735151551519515,0.97607546238882,-0.0025603072368685087
lgbm S+T   - rf S+T,roc_auc,48,0.9477204243668186,0.960355909052152,-0.012635484685333376
lgbm S+T   - rf S+T,roc_auc,49,0.9084637100305485,0.9083259065409006,0.0001378034896478697
lgbm S+T   - rf S+T,pr_auc,25,0.008829213324036734,0.0042700479955456,0.004559165328491134
lgbm S+T   - rf S+T,pr_auc,26,0.0016685248136633919,0.0030392365093422,-0.0013707116956788083
lgbm S+T   - rf S+T,pr_auc,27,0.014088633777180868,0.0055179480919101,0.008570685685270769
lgbm S+T   - rf S+T,pr_auc,28,0.055905041920841295,0.0140821711320156,0.0418228707888257
lgbm S+T   - rf S+T,pr_auc,29,0.024274809306388805,0.0063563328380791,0.017918476468309706
lgbm S+T   - rf S+T,pr_auc,30,0.004816435817500531,0.0109350049316985,-0.006118569114197969
lgbm S+T   - rf S+T,pr_auc,31,0.010805308282119033,0.0106115878355064,0.00019372044661263195
lgbm S+T   - rf S+T,pr_auc,32,0.00011912677662196132,9.596907172816304e-05,2.3157704893798274e-05
lgbm S+T   - rf S+T,pr_auc,33,0.00029146145705352775,0.0002156376875684,7.582376948512775e-05
lgbm S+T   - rf S+T,pr_auc,34,0.06663693821812795,0.0021684411510492,0.06446849706707876
lgbm S+T   - rf S+T,pr_auc,35,0.0011953555936431437,0.0002546544204075,0.0009407011732356437
lgbm S+T   - rf S+T,pr_auc,36,0.01282834470826337,0.0063820306218923,0.00644631408637107
lgbm S+T   - rf S+T,pr_auc,37,0.00318756599912051,0.0043496669973894,-0.0011621009982688895
lgbm S+T   - rf S+T,pr_auc,38,0.0003373298375869345,0.0004749610063903,-0.00013763116880336548
lgbm S+T   - rf S+T,pr_auc,39,0.05633313061123951,0.0329508153939024,0.023382315217337114
lgbm S+T   - rf S+T,pr_auc,40,0.00893173277958699,0.0171849856578917,-0.00825325287830471
lgbm S+T   - rf S+T,pr_auc,41,0.005508448858436616,0.0044222623135939,0.0010861865448427164
lgbm S+T   - rf S+T,pr_auc,42,0.0055817158139435455,0.0805662947675651,-0.07498457895362157
lgbm S+T   - rf S+T,pr_auc,43,0.0016199561684589164,0.0026550957765693,-0.0010351396081103835
lgbm S+T   - rf S+T,pr_auc,44,0.005078741352263326,0.0116545954993221,-0.006575854147058774
lgbm S+T   - rf S+T,pr_auc,45,0.10223138546698855,0.0265844426494476,0.07564694281754095
lgbm S+T   - rf S+T,pr_auc,46,0.003853694325562225,0.003174546766545,0.000679147559017225
lgbm S+T   - rf S+T,pr_auc,47,0.012686233993087477,0.0046518648177069,0.008034369175380578
lgbm S+T   - rf S+T,pr_auc,48,0.06704755665899434,0.0899692420926689,-0.022921685433674566
lgbm S+T   - rf S+T,pr_auc,49,0.004184937581984122,0.0035963654597986,0.000588572122185522
lgbm S+T   - rf S+T,p@50,25,0.04,0.0,0.04
lgbm S+T   - rf S+T,p@50,26,0.0,0.0,0.0
lgbm S+T   - rf S+T,p@50,27,0.04,0.0,0.04
lgbm S+T   - rf S+T,p@50,28,0.06,0.04,0.019999999999999997
lgbm S+T   - rf S+T,p@50,29,0.06,0.02,0.039999999999999994
lgbm S+T   - rf S+T,p@50,30,0.0,0.04,-0.04
lgbm S+T   - rf S+T,p@50,31,0.02,0.06,-0.039999999999999994
lgbm S+T   - rf S+T,p@50,32,0.0,0.0,0.0
lgbm S+T   - rf S+T,p@50,33,0.0,0.0,0.0
lgbm S+T   - rf S+T,p@50,34,0.06,0.0,0.06
lgbm S+T   - rf S+T,p@50,35,0.0,0.0,0.0
lgbm S+T   - rf S+T,p@50,36,0.02,0.02,0.0
lgbm S+T   - rf S+T,p@50,37,0.0,0.0,0.0
lgbm S+T   - rf S+T,p@50,38,0.0,0.0,0.0
lgbm S+T   - rf S+T,p@50,39,0.04,0.06,-0.019999999999999997
lgbm S+T   - rf S+T,p@50,40,0.02,0.04,-0.02
lgbm S+T   - rf S+T,p@50,41,0.02,0.0,0.02
lgbm S+T   - rf S+T,p@50,42,0.02,0.06,-0.039999999999999994
lgbm S+T   - rf S+T,p@50,43,0.0,0.0,0.0
lgbm S+T   - rf S+T,p@50,44,0.0,0.04,-0.04
lgbm S+T   - rf S+T,p@50,45,0.08,0.04,0.04
lgbm S+T   - rf S+T,p@50,46,0.0,0.0,0.0
lgbm S+T   - rf S+T,p@50,47,0.02,0.0,0.02
lgbm S+T   - rf S+T,p@50,48,0.04,0.14,-0.1
lgbm S+T   - rf S+T,p@50,49,0.02,0.0,0.02
lgbm S+T   - rf S+T,p@100,25,0.02,0.01,0.01
lgbm S+T   - rf S+T,p@100,26,0.0,0.02,-0.02
lgbm S+T   - rf S+T,p@100,27,0.03,0.01,0.019999999999999997
lgbm S+T   - rf S+T,p@100,28,0.06,0.03,0.03
lgbm S+T   - rf S+T,p@100,29,0.03,0.02,0.009999999999999998
lgbm S+T   - rf S+T,p@100,30,0.01,0.02,-0.01
lgbm S+T   - rf S+T,p@100,31,0.02,0.03,-0.009999999999999998
lgbm S+T   - rf S+T,p@100,32,0.0,0.0,0.0
lgbm S+T   - rf S+T,p@100,33,0.0,0.0,0.0
lgbm S+T   - rf S+T,p@100,34,0.03,0.0,0.03
lgbm S+T   - rf S+T,p@100,35,0.0,0.0,0.0
lgbm S+T   - rf S+T,p@100,36,0.02,0.01,0.01
lgbm S+T   - rf S+T,p@100,37,0.01,0.01,0.0
lgbm S+T   - rf S+T,p@100,38,0.0,0.0,0.0
lgbm S+T   - rf S+T,p@100,39,0.05,0.04,0.010000000000000002
lgbm S+T   - rf S+T,p@100,40,0.02,0.05,-0.030000000000000002
lgbm S+T   - rf S+T,p@100,41,0.01,0.01,0.0
lgbm S+T   - rf S+T,p@100,42,0.01,0.04,-0.03
lgbm S+T   - rf S+T,p@100,43,0.0,0.0,0.0
lgbm S+T   - rf S+T,p@100,44,0.0,0.02,-0.02
lgbm S+T   - rf S+T,p@100,45,0.04,0.02,0.02
lgbm S+T   - rf S+T,p@100,46,0.0,0.0,0.0
lgbm S+T   - rf S+T,p@100,47,0.01,0.0,0.01
lgbm S+T   - rf S+T,p@100,48,0.03,0.07,-0.04000000000000001
lgbm S+T   - rf S+T,p@100,49,0.01,0.0,0.01
lgbm S+T+C - rf S+T+C,roc_auc,25,0.8974499949994998,0.9498379837983798,-0.05238798879887996
lgbm S+T+C - rf S+T+C,roc_auc,26,0.8387632405763766,0.8741022243334917,-0.03533898375711508
lgbm S+T+C - rf S+T+C,roc_auc,27,0.8789371647304658,0.950309068151533,-0.07137190342106725
lgbm S+T+C - rf S+T+C,roc_auc,28,0.8988903335500326,0.9413857078561784,-0.042495374306145806
lgbm S+T+C - rf S+T+C,roc_auc,29,0.9294585455282328,0.9688693503294036,-0.03941080480117076
lgbm S+T+C - rf S+T+C,roc_auc,30,0.9067809746682267,0.9181785582133606,-0.011397583545133871
lgbm S+T+C - rf S+T+C,roc_auc,31,0.8190269491771225,0.9148889045543996,-0.09586195537727715
lgbm S+T+C - rf S+T+C,roc_auc,32,0.8135373384334609,0.7772444311107778,0.03629290732268309
lgbm S+T+C - rf S+T+C,roc_auc,33,0.8411748969958799,0.8709098363934558,-0.029734939397575877
lgbm S+T+C - rf S+T+C,roc_auc,34,0.9069162440297853,0.9498845163756734,-0.04296827234588807
lgbm S+T+C - rf S+T+C,roc_auc,35,0.6896804800660473,0.8391149823964301,-0.1494345023303828
lgbm S+T+C - rf S+T+C,roc_auc,36,0.8190061454916393,0.838026104588367,-0.019019959096727712
lgbm S+T+C - rf S+T+C,roc_auc,37,0.9162619065476637,0.9610210255256382,-0.044759118977974466
lgbm S+T+C - rf S+T+C,roc_auc,38,0.9047532376618831,0.789459222961148,0.11529401470073508
lgbm S+T+C - rf S+T+C,roc_auc,39,0.9662041713337066,0.9639602418193456,0.0022439295143610316
lgbm S+T+C - rf S+T+C,roc_auc,40,0.9594217217979594,0.9605660734992418,-0.0011443517012824644
lgbm S+T+C - rf S+T+C,roc_auc,41,0.9782623392371377,0.9827497491643282,-0.004487409927190544
lgbm S+T+C - rf S+T+C,roc_auc,42,0.9629140267651523,0.9653413432455666,-0.0024273164804143876
lgbm S+T+C - rf S+T+C,roc_auc,43,0.9070455254299266,0.9533805592301414,-0.046335033800214864
lgbm S+T+C - rf S+T+C,roc_auc,44,0.9138167052103321,0.9220809487304248,-0.008264243520092696
lgbm S+T+C - rf S+T+C,roc_auc,45,0.9503484923306759,0.9571782285664432,-0.006829736235767325
lgbm S+T+C - rf S+T+C,roc_auc,46,0.8111915287436879,0.928309252969612,-0.11711772422592404
lgbm S+T+C - rf S+T+C,roc_auc,47,0.9768405541998373,0.9791191609659824,-0.002278606766145108
lgbm S+T+C - rf S+T+C,roc_auc,48,0.9537876638926522,0.9615468423548712,-0.007759178462218963
lgbm S+T+C - rf S+T+C,roc_auc,49,0.9217070117506453,0.8870655326426846,0.03464147910796067
lgbm S+T+C - rf S+T+C,pr_auc,25,0.006367439046769105,0.004281164595901,0.002086274450868105
lgbm S+T+C - rf S+T+C,pr_auc,26,0.0016142890801639112,0.003629665061702,-0.002015375981538089
lgbm S+T+C - rf S+T+C,pr_auc,27,0.014717655684157447,0.0064179432857653,0.008299712398392146
lgbm S+T+C - rf S+T+C,pr_auc,28,0.02832848022119086,0.00853825185819,0.01979022836300086
lgbm S+T+C - rf S+T+C,pr_auc,29,0.012654500936337514,0.0068476578006085,0.005806843135729014
lgbm S+T+C - rf S+T+C,pr_auc,30,0.005463880678637494,0.0763942149695981,-0.0709303342909606
lgbm S+T+C - rf S+T+C,pr_auc,31,0.019546933554998522,0.0119433135659738,0.007603619989024722
lgbm S+T+C - rf S+T+C,pr_auc,32,0.00012760056059016268,9.27858611503512e-05,3.4814699439811485e-05
lgbm S+T+C - rf S+T+C,pr_auc,33,0.000356051154320164,0.0002285845713812,0.000127466582938964
lgbm S+T+C - rf S+T+C,pr_auc,34,0.043392798042413375,0.0028045721758932,0.040588225866520174
lgbm S+T+C - rf S+T+C,pr_auc,35,0.0017375750305954232,0.0002751629536856,0.0014624120769098233
lgbm S+T+C - rf S+T+C,pr_auc,36,0.015451575973019016,0.0068061922414387,0.008645383731580317
lgbm S+T+C - rf S+T+C,pr_auc,37,0.007714032176370228,0.0080101033476256,-0.0002960711712553712
lgbm S+T+C - rf S+T+C,pr_auc,38,0.000672743449768385,0.000514770999857,0.000157972449911385
lgbm S+T+C - rf S+T+C,pr_auc,39,0.014700309880572564,0.023474813296621,-0.008774503416048435
lgbm S+T+C - rf S+T+C,pr_auc,40,0.01480881182154797,0.0174665348708285,-0.0026577230492805283
lgbm S+T+C - rf S+T+C,pr_auc,41,0.007625475630966249,0.0051038831414851,0.0025215924894811496
lgbm S+T+C - rf S+T+C,pr_auc,42,0.0046517505308183845,0.0514273133541081,-0.046775562823289714
lgbm S+T+C - rf S+T+C,pr_auc,43,0.00193568358693113,0.002329322473906,-0.00039363888697486983
lgbm S+T+C - rf S+T+C,pr_auc,44,0.007519482290374972,0.0122969170355401,-0.004777434745165127
lgbm S+T+C - rf S+T+C,pr_auc,45,0.06369488198936406,0.0364102755078166,0.027284606481547458
lgbm S+T+C - rf S+T+C,pr_auc,46,0.005822624525469057,0.003721484738633,0.0021011397868360574
lgbm S+T+C - rf S+T+C,pr_auc,47,0.006542083571510412,0.005267710726951,0.0012743728445594113
lgbm S+T+C - rf S+T+C,pr_auc,48,0.01659861783989695,0.1246280413905718,-0.10802942355067485
lgbm S+T+C - rf S+T+C,pr_auc,49,0.003157374494837841,0.0024817069996265,0.0006756674952113411
lgbm S+T+C - rf S+T+C,p@50,25,0.02,0.0,0.02
lgbm S+T+C - rf S+T+C,p@50,26,0.0,0.02,-0.02
lgbm S+T+C - rf S+T+C,p@50,27,0.06,0.0,0.06
lgbm S+T+C - rf S+T+C,p@50,28,0.06,0.0,0.06
lgbm S+T+C - rf S+T+C,p@50,29,0.04,0.02,0.02
lgbm S+T+C - rf S+T+C,p@50,30,0.0,0.04,-0.04
lgbm S+T+C - rf S+T+C,p@50,31,0.04,0.04,0.0
lgbm S+T+C - rf S+T+C,p@50,32,0.0,0.0,0.0
lgbm S+T+C - rf S+T+C,p@50,33,0.0,0.0,0.0
lgbm S+T+C - rf S+T+C,p@50,34,0.04,0.0,0.04
lgbm S+T+C - rf S+T+C,p@50,35,0.0,0.0,0.0
lgbm S+T+C - rf S+T+C,p@50,36,0.04,0.02,0.02
lgbm S+T+C - rf S+T+C,p@50,37,0.02,0.02,0.0
lgbm S+T+C - rf S+T+C,p@50,38,0.0,0.0,0.0
lgbm S+T+C - rf S+T+C,p@50,39,0.02,0.06,-0.039999999999999994
lgbm S+T+C - rf S+T+C,p@50,40,0.02,0.04,-0.02
lgbm S+T+C - rf S+T+C,p@50,41,0.02,0.0,0.02
lgbm S+T+C - rf S+T+C,p@50,42,0.02,0.08,-0.06
lgbm S+T+C - rf S+T+C,p@50,43,0.0,0.0,0.0
lgbm S+T+C - rf S+T+C,p@50,44,0.0,0.04,-0.04
lgbm S+T+C - rf S+T+C,p@50,45,0.08,0.04,0.04
lgbm S+T+C - rf S+T+C,p@50,46,0.0,0.0,0.0
lgbm S+T+C - rf S+T+C,p@50,47,0.0,0.0,0.0
lgbm S+T+C - rf S+T+C,p@50,48,0.04,0.14,-0.1
lgbm S+T+C - rf S+T+C,p@50,49,0.0,0.0,0.0
lgbm S+T+C - rf S+T+C,p@100,25,0.01,0.0,0.01
lgbm S+T+C - rf S+T+C,p@100,26,0.01,0.01,0.0
lgbm S+T+C - rf S+T+C,p@100,27,0.03,0.02,0.009999999999999998
lgbm S+T+C - rf S+T+C,p@100,28,0.03,0.03,0.0
lgbm S+T+C - rf S+T+C,p@100,29,0.03,0.03,0.0
lgbm S+T+C - rf S+T+C,p@100,30,0.0,0.03,-0.03
lgbm S+T+C - rf S+T+C,p@100,31,0.03,0.03,0.0
lgbm S+T+C - rf S+T+C,p@100,32,0.0,0.0,0.0
lgbm S+T+C - rf S+T+C,p@100,33,0.0,0.0,0.0
lgbm S+T+C - rf S+T+C,p@100,34,0.02,0.0,0.02
lgbm S+T+C - rf S+T+C,p@100,35,0.0,0.0,0.0
lgbm S+T+C - rf S+T+C,p@100,36,0.02,0.01,0.01
lgbm S+T+C - rf S+T+C,p@100,37,0.01,0.01,0.0
lgbm S+T+C - rf S+T+C,p@100,38,0.0,0.0,0.0
lgbm S+T+C - rf S+T+C,p@100,39,0.01,0.04,-0.03
lgbm S+T+C - rf S+T+C,p@100,40,0.03,0.04,-0.010000000000000002
lgbm S+T+C - rf S+T+C,p@100,41,0.01,0.01,0.0
lgbm S+T+C - rf S+T+C,p@100,42,0.01,0.04,-0.03
lgbm S+T+C - rf S+T+C,p@100,43,0.0,0.0,0.0
lgbm S+T+C - rf S+T+C,p@100,44,0.02,0.02,0.0
lgbm S+T+C - rf S+T+C,p@100,45,0.04,0.02,0.02
lgbm S+T+C - rf S+T+C,p@100,46,0.02,0.0,0.02
lgbm S+T+C - rf S+T+C,p@100,47,0.01,0.0,0.01
lgbm S+T+C - rf S+T+C,p@100,48,0.03,0.07,-0.04000000000000001
lgbm S+T+C - rf S+T+C,p@100,49,0.0,0.0,0.0
lgbm S     - lr S,roc_auc,25,0.8649479947994799,0.9258850885088508,-0.06093709370937084
lgbm S     - lr S,roc_auc,26,0.8618436382728706,0.9307374719770648,-0.06889383370419422
lgbm S     - lr S,roc_auc,27,0.8108696630547295,0.9272694620750952,-0.11639979902036568
lgbm S     - lr S,roc_auc,28,0.7772640062676068,0.8730907969528763,-0.09582679068526945
lgbm S     - lr S,roc_auc,29,0.857563853728451,0.9589009226921208,-0.10133706896366979
lgbm S     - lr S,roc_auc,30,0.9322316847893638,0.9253654898700052,0.006866194919358581
lgbm S     - lr S,roc_auc,31,0.8211174344926688,0.9098444129807862,-0.08872697848811739
lgbm S     - lr S,roc_auc,32,0.7541738543463586,0.676644916122903,0.07752893822345563
lgbm S     - lr S,roc_auc,33,0.8353396635865435,0.8311957478299131,0.004143915756630423
lgbm S     - lr S,roc_auc,34,0.9414545072706271,0.9512786839639816,-0.009824176693354558
lgbm S     - lr S,roc_auc,35,0.6378231464860362,0.7216369181057591,-0.08381377161972292
lgbm S     - lr S,roc_auc,36,0.7752904607368589,0.8058816580326426,-0.030591197295783634
lgbm S     - lr S,roc_auc,37,0.9507207680192005,0.9723643091077276,-0.021643541088527174
lgbm S     - lr S,roc_auc,38,0.7696037301865094,0.7844729736486825,-0.01486924346217311
lgbm S     - lr S,roc_auc,39,0.9675233393671494,0.9780213667093368,-0.01049802734218741
lgbm S     - lr S,roc_auc,40,0.8851124067708225,0.9614481913368051,-0.07633578456598267
lgbm S     - lr S,roc_auc,41,0.9230511275532925,0.9228762132666584,0.00017491428663418684
lgbm S     - lr S,roc_auc,42,0.8216232475829645,0.8822458000360831,-0.06062255245311865
lgbm S     - lr S,roc_auc,43,0.8353164147036014,0.8512312551309765,-0.01591484042737512
lgbm S     - lr S,roc_auc,44,0.8696456859973218,0.8974688416504318,-0.02782315565311
lgbm S     - lr S,roc_auc,45,0.9229676581409931,0.9404251533370552,-0.0174574951960621
lgbm S     - lr S,roc_auc,46,0.8835337035239996,0.8571722195266591,0.026361483997340507
lgbm S     - lr S,roc_auc,47,0.9391160272566041,0.9485638276593192,-0.00944780040271509
lgbm S     - lr S,roc_auc,48,0.8564382010386811,0.9264223906606754,-0.06998418962199437
lgbm S     - lr S,roc_auc,49,0.8630915890931756,0.86651220655584,-0.0034206174626644215
lgbm S     - lr S,pr_auc,25,0.013982499424878213,0.008970930953671,0.005011568471207213
lgbm S     - lr S,pr_auc,26,0.0012918347022948546,0.0015630231990395,-0.0002711884967446453
lgbm S     - lr S,pr_auc,27,0.005378699806399892,0.002420761684119,0.002957938122280892
lgbm S     - lr S,pr_auc,28,0.008339112195307505,0.0130483569335836,-0.004709244738276094
lgbm S     - lr S,pr_auc,29,0.04480249128410383,0.0052948653540252,0.03950762593007863
lgbm S     - lr S,pr_auc,30,0.02057427352802983,0.0141248016847822,0.006449471843247628
lgbm S     - lr S,pr_auc,31,0.009689354608963658,0.0096559047879888,3.344982097485717e-05
lgbm S     - lr S,pr_auc,32,6.072232588933365e-05,6.343994291155691e-05,-2.7176170222232603e-06
lgbm S     - lr S,pr_auc,33,0.00017930537007939174,0.0004109979248771,-0.00023169255479770827
lgbm S     - lr S,pr_auc,34,0.013888257719065608,0.0024981754155856,0.011390082303480008
lgbm S     - lr S,pr_auc,35,0.00044759091849208565,0.0003093059995708,0.00013828491892128566
lgbm S     - lr S,pr_auc,36,0.001479900512576034,0.0005785642802202,0.0009013362323558341
lgbm S     - lr S,pr_auc,37,0.0020171344299673745,0.0006196314041716,0.0013975030257957744
lgbm S     - lr S,pr_auc,38,0.0002629745388576876,0.0003889305788489,-0.00012595603999121242
lgbm S     - lr S,pr_auc,39,0.007494321644717678,0.0254613591399205,-0.017967037495202825
lgbm S     - lr S,pr_auc,40,0.00554187425120026,0.0108405746403697,-0.0052987003891694405
lgbm S     - lr S,pr_auc,41,0.0022727231452290457,0.0014124243688896,0.0008602987763394456
lgbm S     - lr S,pr_auc,42,0.0018858636233638891,0.0013109625866581,0.0005749010367057891
lgbm S     - lr S,pr_auc,43,0.0031379678132380444,0.0035973753457556,-0.00045940753251755544
lgbm S     - lr S,pr_auc,44,0.005169660356622632,0.0043157794787218,0.0008538808779008323
lgbm S     - lr S,pr_auc,45,0.010499347569642898,0.0129496115810473,-0.0024502640114044023
lgbm S     - lr S,pr_auc,46,0.0008747932687847447,0.0081315876685629,-0.0072567943997781555
lgbm S     - lr S,pr_auc,47,0.004448550019946667,0.0015289917355934,0.0029195582843532667
lgbm S     - lr S,pr_auc,48,0.02005385140899886,0.0073739034402961,0.01267994796870276
lgbm S     - lr S,pr_auc,49,0.006871723001412601,0.0011340607751176,0.005737662226295001
lgbm S     - lr S,p@50,25,0.02,0.02,0.0
lgbm S     - lr S,p@50,26,0.0,0.0,0.0
lgbm S     - lr S,p@50,27,0.0,0.0,0.0
lgbm S     - lr S,p@50,28,0.06,0.02,0.039999999999999994
lgbm S     - lr S,p@50,29,0.08,0.0,0.08
lgbm S     - lr S,p@50,30,0.04,0.04,0.0
lgbm S     - lr S,p@50,31,0.06,0.02,0.039999999999999994
lgbm S     - lr S,p@50,32,0.0,0.0,0.0
lgbm S     - lr S,p@50,33,0.0,0.0,0.0
lgbm S     - lr S,p@50,34,0.02,0.0,0.02
lgbm S     - lr S,p@50,35,0.0,0.0,0.0
lgbm S     - lr S,p@50,36,0.0,0.0,0.0
lgbm S     - lr S,p@50,37,0.0,0.0,0.0
lgbm S     - lr S,p@50,38,0.0,0.0,0.0
lgbm S     - lr S,p@50,39,0.02,0.06,-0.039999999999999994
lgbm S     - lr S,p@50,40,0.0,0.02,-0.02
lgbm S     - lr S,p@50,41,0.0,0.0,0.0
lgbm S     - lr S,p@50,42,0.0,0.0,0.0
lgbm S     - lr S,p@50,43,0.02,0.02,0.0
lgbm S     - lr S,p@50,44,0.0,0.02,-0.02
lgbm S     - lr S,p@50,45,0.02,0.04,-0.02
lgbm S     - lr S,p@50,46,0.0,0.02,-0.02
lgbm S     - lr S,p@50,47,0.02,0.0,0.02
lgbm S     - lr S,p@50,48,0.06,0.02,0.039999999999999994
lgbm S     - lr S,p@50,49,0.0,0.0,0.0
lgbm S     - lr S,p@100,25,0.01,0.02,-0.01
lgbm S     - lr S,p@100,26,0.0,0.0,0.0
lgbm S     - lr S,p@100,27,0.02,0.0,0.02
lgbm S     - lr S,p@100,28,0.03,0.01,0.019999999999999997
lgbm S     - lr S,p@100,29,0.04,0.0,0.04
lgbm S     - lr S,p@100,30,0.03,0.02,0.009999999999999998
lgbm S     - lr S,p@100,31,0.03,0.02,0.009999999999999998
lgbm S     - lr S,p@100,32,0.0,0.0,0.0
lgbm S     - lr S,p@100,33,0.0,0.0,0.0
lgbm S     - lr S,p@100,34,0.02,0.01,0.01
lgbm S     - lr S,p@100,35,0.0,0.0,0.0
lgbm S     - lr S,p@100,36,0.0,0.0,0.0
lgbm S     - lr S,p@100,37,0.0,0.0,0.0
lgbm S     - lr S,p@100,38,0.0,0.0,0.0
lgbm S     - lr S,p@100,39,0.01,0.03,-0.019999999999999997
lgbm S     - lr S,p@100,40,0.01,0.02,-0.01
lgbm S     - lr S,p@100,41,0.0,0.0,0.0
lgbm S     - lr S,p@100,42,0.01,0.0,0.01
lgbm S     - lr S,p@100,43,0.01,0.01,0.0
lgbm S     - lr S,p@100,44,0.01,0.01,0.0
lgbm S     - lr S,p@100,45,0.01,0.02,-0.01
lgbm S     - lr S,p@100,46,0.0,0.01,-0.01
lgbm S     - lr S,p@100,47,0.01,0.0,0.01
lgbm S     - lr S,p@100,48,0.03,0.01,0.019999999999999997
lgbm S     - lr S,p@100,49,0.02,0.0,0.02
lgbm S+T   - lr S+T,roc_auc,25,0.8983963396339635,0.9634248424842484,-0.06502850285028494
lgbm S+T   - lr S+T,roc_auc,26,0.8087353218158029,0.9089038344542508,-0.10016851263844795
lgbm S+T   - lr S+T,roc_auc,27,0.8652012372727211,0.9597923326399928,-0.09459109536727162
lgbm S+T   - lr S+T,roc_auc,28,0.8746667000050008,0.921252521211515,-0.04658582120651422
lgbm S+T   - lr S+T,roc_auc,29,0.9088385232830399,0.9819202444828136,-0.07308172119977363
lgbm S+T   - lr S+T,roc_auc,30,0.8943379608001131,0.9222667015262496,-0.02792874072613649
lgbm S+T   - lr S+T,roc_auc,31,0.8612672867520272,0.9437954818480736,-0.08252819509604636
lgbm S+T   - lr S+T,roc_auc,32,0.7802485062126553,0.8549913747843697,-0.07474286857171442
lgbm S+T   - lr S+T,roc_auc,33,0.7413384035361414,0.8396035841433658,-0.09826518060722433
lgbm S+T   - lr S+T,roc_auc,34,0.911728781446616,0.8763659273987342,0.03536285404788175
lgbm S+T   - lr S+T,roc_auc,35,0.768768483470645,0.9004599651428759,-0.13169148167223088
lgbm S+T   - lr S+T,roc_auc,36,0.8256141741339307,0.8706058984718779,-0.04499172433794718
lgbm S+T   - lr S+T,roc_auc,37,0.8971124278106952,0.9757423935598388,-0.0786299657491436
lgbm S+T   - lr S+T,roc_auc,38,0.8503470173508675,0.825576778838942,0.024770238511925502
lgbm S+T   - lr S+T,roc_auc,39,0.9501538248059844,0.9774100678054244,-0.02725624299943996
lgbm S+T   - lr S+T,roc_auc,40,0.9556913754005338,0.9801965188722614,-0.02450514347172761
lgbm S+T   - lr S+T,roc_auc,41,0.9664717212960826,0.9665905664325534,-0.00011884513647075767
lgbm S+T   - lr S+T,roc_auc,42,0.9529255149797828,0.9356255372663886,0.0172999777133942
lgbm S+T   - lr S+T,roc_auc,43,0.9049345804220457,0.9548438211390856,-0.04990924071703995
lgbm S+T   - lr S+T,roc_auc,44,0.862750877489114,0.9464107716810516,-0.08365989419193753
lgbm S+T   - lr S+T,roc_auc,45,0.9175024938357881,0.9696317203018648,-0.05212922646607676
lgbm S+T   - lr S+T,roc_auc,46,0.8993723830574873,0.9139834582277572,-0.014611075170269827
lgbm S+T   - lr S+T,roc_auc,47,0.9735151551519515,0.9769155632009175,-0.0034004080489660193
lgbm S+T   - lr S+T,roc_auc,48,0.9477204243668186,0.9624836504418492,-0.014763226075030667
lgbm S+T   - lr S+T,roc_auc,49,0.9084637100305485,0.92215261929661,-0.013688909266061478
lgbm S+T   - lr S+T,pr_auc,25,0.008829213324036734,0.0114001085117247,-0.002570895187687966
lgbm S+T   - lr S+T,pr_auc,26,0.0016685248136633919,0.0017224653882364,-5.394057457300803e-05
lgbm S+T   - lr S+T,pr_auc,27,0.014088633777180868,0.0038536207120118,0.010235013065169067
lgbm S+T   - lr S+T,pr_auc,28,0.055905041920841295,0.0135986439282462,0.0423063979925951
lgbm S+T   - lr S+T,pr_auc,29,0.024274809306388805,0.0061915312098554,0.018083278096533404
lgbm S+T   - lr S+T,pr_auc,30,0.004816435817500531,0.012667287004229,-0.007850851186728468
lgbm S+T   - lr S+T,pr_auc,31,0.010805308282119033,0.0143216512477917,-0.0035163429656726673
lgbm S+T   - lr S+T,pr_auc,32,0.00011912677662196132,0.0001171850302623,1.9417463596613173e-06
lgbm S+T   - lr S+T,pr_auc,33,0.00029146145705352775,0.0001976859576173,9.377549943622774e-05
lgbm S+T   - lr S+T,pr_auc,34,0.06663693821812795,0.0013038056724103,0.06533313254571765
lgbm S+T   - lr S+T,pr_auc,35,0.0011953555936431437,0.0003934281506431,0.0008019274430000437
lgbm S+T   - lr S+T,pr_auc,36,0.01282834470826337,0.0012018837326754,0.01162646097558797
lgbm S+T   - lr S+T,pr_auc,37,0.00318756599912051,0.0009528842952545,0.0022346817038660103
lgbm S+T   - lr S+T,pr_auc,38,0.0003373298375869345,0.0005553407241106,-0.0002180108865236655
lgbm S+T   - lr S+T,pr_auc,39,0.05633313061123951,0.0371676712719643,0.019165459339275215
lgbm S+T   - lr S+T,pr_auc,40,0.00893173277958699,0.0156721519677658,-0.00674041918817881
lgbm S+T   - lr S+T,pr_auc,41,0.005508448858436616,0.0025892841917822,0.0029191646666544163
lgbm S+T   - lr S+T,pr_auc,42,0.0055817158139435455,0.0022670789283617,0.0033146368855818454
lgbm S+T   - lr S+T,pr_auc,43,0.0016199561684589164,0.0062190071956514,-0.004599051027192483
lgbm S+T   - lr S+T,pr_auc,44,0.005078741352263326,0.0081195603927804,-0.0030408190405170742
lgbm S+T   - lr S+T,pr_auc,45,0.10223138546698855,0.016963120433566,0.08526826503342255
lgbm S+T   - lr S+T,pr_auc,46,0.003853694325562225,0.0025011984558269,0.001352495869735325
lgbm S+T   - lr S+T,pr_auc,47,0.012686233993087477,0.0031735258723729,0.009512708120714577
lgbm S+T   - lr S+T,pr_auc,48,0.06704755665899434,0.0126425527771382,0.05440500388185614
lgbm S+T   - lr S+T,pr_auc,49,0.004184937581984122,0.0021857648678505,0.001999172714133622
lgbm S+T   - lr S+T,p@50,25,0.04,0.04,0.0
lgbm S+T   - lr S+T,p@50,26,0.0,0.0,0.0
lgbm S+T   - lr S+T,p@50,27,0.04,0.0,0.04
lgbm S+T   - lr S+T,p@50,28,0.06,0.02,0.039999999999999994
lgbm S+T   - lr S+T,p@50,29,0.06,0.0,0.06
lgbm S+T   - lr S+T,p@50,30,0.0,0.04,-0.04
lgbm S+T   - lr S+T,p@50,31,0.02,0.02,0.0
lgbm S+T   - lr S+T,p@50,32,0.0,0.0,0.0
lgbm S+T   - lr S+T,p@50,33,0.0,0.0,0.0
lgbm S+T   - lr S+T,p@50,34,0.06,0.0,0.06
lgbm S+T   - lr S+T,p@50,35,0.0,0.0,0.0
lgbm S+T   - lr S+T,p@50,36,0.02,0.0,0.02
lgbm S+T   - lr S+T,p@50,37,0.0,0.0,0.0
lgbm S+T   - lr S+T,p@50,38,0.0,0.0,0.0
lgbm S+T   - lr S+T,p@50,39,0.04,0.06,-0.019999999999999997
lgbm S+T   - lr S+T,p@50,40,0.02,0.06,-0.039999999999999994
lgbm S+T   - lr S+T,p@50,41,0.02,0.0,0.02
lgbm S+T   - lr S+T,p@50,42,0.02,0.0,0.02
lgbm S+T   - lr S+T,p@50,43,0.0,0.02,-0.02
lgbm S+T   - lr S+T,p@50,44,0.0,0.02,-0.02
lgbm S+T   - lr S+T,p@50,45,0.08,0.04,0.04
lgbm S+T   - lr S+T,p@50,46,0.0,0.0,0.0
lgbm S+T   - lr S+T,p@50,47,0.02,0.0,0.02
lgbm S+T   - lr S+T,p@50,48,0.04,0.02,0.02
lgbm S+T   - lr S+T,p@50,49,0.02,0.0,0.02
lgbm S+T   - lr S+T,p@100,25,0.02,0.03,-0.009999999999999998
lgbm S+T   - lr S+T,p@100,26,0.0,0.0,0.0
lgbm S+T   - lr S+T,p@100,27,0.03,0.0,0.03
lgbm S+T   - lr S+T,p@100,28,0.06,0.03,0.03
lgbm S+T   - lr S+T,p@100,29,0.03,0.01,0.019999999999999997
lgbm S+T   - lr S+T,p@100,30,0.01,0.03,-0.019999999999999997
lgbm S+T   - lr S+T,p@100,31,0.02,0.01,0.01
lgbm S+T   - lr S+T,p@100,32,0.0,0.0,0.0
lgbm S+T   - lr S+T,p@100,33,0.0,0.0,0.0
lgbm S+T   - lr S+T,p@100,34,0.03,0.0,0.03
lgbm S+T   - lr S+T,p@100,35,0.0,0.0,0.0
lgbm S+T   - lr S+T,p@100,36,0.02,0.0,0.02
lgbm S+T   - lr S+T,p@100,37,0.01,0.0,0.01
lgbm S+T   - lr S+T,p@100,38,0.0,0.0,0.0
lgbm S+T   - lr S+T,p@100,39,0.05,0.03,0.020000000000000004
lgbm S+T   - lr S+T,p@100,40,0.02,0.04,-0.02
lgbm S+T   - lr S+T,p@100,41,0.01,0.0,0.01
lgbm S+T   - lr S+T,p@100,42,0.01,0.0,0.01
lgbm S+T   - lr S+T,p@100,43,0.0,0.01,-0.01
lgbm S+T   - lr S+T,p@100,44,0.0,0.01,-0.01
lgbm S+T   - lr S+T,p@100,45,0.04,0.03,0.010000000000000002
lgbm S+T   - lr S+T,p@100,46,0.0,0.01,-0.01
lgbm S+T   - lr S+T,p@100,47,0.01,0.0,0.01
lgbm S+T   - lr S+T,p@100,48,0.03,0.02,0.009999999999999998
lgbm S+T   - lr S+T,p@100,49,0.01,0.0,0.01
lgbm S+T+C - lr S+T+C,roc_auc,25,0.8974499949994998,0.9731205620562056,-0.07567056705670572
lgbm S+T+C - lr S+T+C,roc_auc,26,0.8387632405763766,0.9004078639231277,-0.061644623346751026
lgbm S+T+C - lr S+T+C,roc_auc,27,0.8789371647304658,0.9384492260088172,-0.0595120612783514
lgbm S+T+C - lr S+T+C,roc_auc,28,0.8988903335500326,0.928423430181194,-0.029533096631161437
lgbm S+T+C - lr S+T+C,roc_auc,29,0.9294585455282328,0.9837575802602132,-0.05429903473198039
lgbm S+T+C - lr S+T+C,roc_auc,30,0.9067809746682267,0.9280335337759358,-0.021252559107709068
lgbm S+T+C - lr S+T+C,roc_auc,31,0.8190269491771225,0.9296516766550428,-0.11062472747792029
lgbm S+T+C - lr S+T+C,roc_auc,32,0.8135373384334609,0.8719197979949499,-0.05838245956148902
lgbm S+T+C - lr S+T+C,roc_auc,33,0.8411748969958799,0.8315607624304973,0.009614134565382626
lgbm S+T+C - lr S+T+C,roc_auc,34,0.9069162440297853,0.8939691683042568,0.012947075725528556
lgbm S+T+C - lr S+T+C,roc_auc,35,0.6896804800660473,0.8778150572331309,-0.1881345771670836
lgbm S+T+C - lr S+T+C,roc_auc,36,0.8190061454916393,0.855470000100008,-0.03646385460836865
lgbm S+T+C - lr S+T+C,roc_auc,37,0.9162619065476637,0.980382509562739,-0.06412060301507527
lgbm S+T+C - lr S+T+C,roc_auc,38,0.9047532376618831,0.8218160908045402,0.08293714685734288
lgbm S+T+C - lr S+T+C,roc_auc,39,0.9662041713337066,0.9789251890151212,-0.012721017681414537
lgbm S+T+C - lr S+T+C,roc_auc,40,0.9594217217979594,0.980829482376512,-0.021407760578552648
lgbm S+T+C - lr S+T+C,roc_auc,41,0.9782623392371377,0.9673073930796182,0.010954946157519463
lgbm S+T+C - lr S+T+C,roc_auc,42,0.9629140267651523,0.9383655958483236,0.02454843091682868
lgbm S+T+C - lr S+T+C,roc_auc,43,0.9070455254299266,0.9505143822692568,-0.04346885683933022
lgbm S+T+C - lr S+T+C,roc_auc,44,0.9138167052103321,0.944347081817215,-0.03053037660688296
lgbm S+T+C - lr S+T+C,roc_auc,45,0.9503484923306759,0.9692754273473968,-0.018926935016720936
lgbm S+T+C - lr S+T+C,roc_auc,46,0.8111915287436879,0.9155648552482614,-0.10437332650457343
lgbm S+T+C - lr S+T+C,roc_auc,47,0.9768405541998373,0.972635049539278,0.004205504660559245
lgbm S+T+C - lr S+T+C,roc_auc,48,0.9537876638926522,0.9593561269533786,-0.005568463060726336
lgbm S+T+C - lr S+T+C,roc_auc,49,0.9217070117506453,0.9156385066738102,0.006068505076835096
lgbm S+T+C - lr S+T+C,pr_auc,25,0.006367439046769105,0.0100963566088188,-0.003728917562049695
lgbm S+T+C - lr S+T+C,pr_auc,26,0.0016142890801639112,0.0023511396477051,-0.0007368505675411888
lgbm S+T+C - lr S+T+C,pr_auc,27,0.014717655684157447,0.0035250866576848,0.011192569026472646
lgbm S+T+C - lr S+T+C,pr_auc,28,0.02832848022119086,0.0142306167720985,0.014097863449092361
lgbm S+T+C - lr S+T+C,pr_auc,29,0.012654500936337514,0.0063539756365585,0.006300525299779014
lgbm S+T+C - lr S+T+C,pr_auc,30,0.005463880678637494,0.0128427849591561,-0.007378904280518605
lgbm S+T+C - lr S+T+C,pr_auc,31,0.019546933554998522,0.0173757214586178,0.0021712120963807216
lgbm S+T+C - lr S+T+C,pr_auc,32,0.00012760056059016268,0.0001258461084032,1.7544521869626757e-06
lgbm S+T+C - lr S+T+C,pr_auc,33,0.000356051154320164,0.000192461499865,0.00016358965445516398
lgbm S+T+C - lr S+T+C,pr_auc,34,0.043392798042413375,0.0014985505035247,0.04189424753888867
lgbm S+T+C - lr S+T+C,pr_auc,35,0.0017375750305954232,0.0003600808575195,0.0013774941730759233
lgbm S+T+C - lr S+T+C,pr_auc,36,0.015451575973019016,0.0011822791650417,0.014269296807977316
lgbm S+T+C - lr S+T+C,pr_auc,37,0.007714032176370228,0.0009730950750199,0.006740937101350328
lgbm S+T+C - lr S+T+C,pr_auc,38,0.000672743449768385,0.0005741667780477,9.8576671720685e-05
lgbm S+T+C - lr S+T+C,pr_auc,39,0.014700309880572564,0.0413159235463082,-0.026615613665735633
lgbm S+T+C - lr S+T+C,pr_auc,40,0.01480881182154797,0.0162241401029829,-0.0014153282814349313
lgbm S+T+C - lr S+T+C,pr_auc,41,0.007625475630966249,0.0025400378284667,0.005085437802499549
lgbm S+T+C - lr S+T+C,pr_auc,42,0.0046517505308183845,0.0023582304258946,0.0022935201049237844
lgbm S+T+C - lr S+T+C,pr_auc,43,0.00193568358693113,0.0070018008279184,-0.00506611724098727
lgbm S+T+C - lr S+T+C,pr_auc,44,0.007519482290374972,0.0087872629742136,-0.0012677806838386268
lgbm S+T+C - lr S+T+C,pr_auc,45,0.06369488198936406,0.0145669370267415,0.04912794496262256
lgbm S+T+C - lr S+T+C,pr_auc,46,0.005822624525469057,0.002158535113438,0.0036640894120310574
lgbm S+T+C - lr S+T+C,pr_auc,47,0.006542083571510412,0.0030613258568571,0.0034807577146533115
lgbm S+T+C - lr S+T+C,pr_auc,48,0.01659861783989695,0.0123077724750162,0.00429084536488075
lgbm S+T+C - lr S+T+C,pr_auc,49,0.003157374494837841,0.0020242277951764,0.001133146699661441
lgbm S+T+C - lr S+T+C,p@50,25,0.02,0.04,-0.02
lgbm S+T+C - lr S+T+C,p@50,26,0.0,0.0,0.0
lgbm S+T+C - lr S+T+C,p@50,27,0.06,0.0,0.06
lgbm S+T+C - lr S+T+C,p@50,28,0.06,0.02,0.039999999999999994
lgbm S+T+C - lr S+T+C,p@50,29,0.04,0.0,0.04
lgbm S+T+C - lr S+T+C,p@50,30,0.0,0.04,-0.04
lgbm S+T+C - lr S+T+C,p@50,31,0.04,0.02,0.02
lgbm S+T+C - lr S+T+C,p@50,32,0.0,0.0,0.0
lgbm S+T+C - lr S+T+C,p@50,33,0.0,0.0,0.0
lgbm S+T+C - lr S+T+C,p@50,34,0.04,0.0,0.04
lgbm S+T+C - lr S+T+C,p@50,35,0.0,0.0,0.0
lgbm S+T+C - lr S+T+C,p@50,36,0.04,0.0,0.04
lgbm S+T+C - lr S+T+C,p@50,37,0.02,0.0,0.02
lgbm S+T+C - lr S+T+C,p@50,38,0.0,0.0,0.0
lgbm S+T+C - lr S+T+C,p@50,39,0.02,0.06,-0.039999999999999994
lgbm S+T+C - lr S+T+C,p@50,40,0.02,0.06,-0.039999999999999994
lgbm S+T+C - lr S+T+C,p@50,41,0.02,0.0,0.02
lgbm S+T+C - lr S+T+C,p@50,42,0.02,0.0,0.02
lgbm S+T+C - lr S+T+C,p@50,43,0.0,0.02,-0.02
lgbm S+T+C - lr S+T+C,p@50,44,0.0,0.02,-0.02
lgbm S+T+C - lr S+T+C,p@50,45,0.08,0.04,0.04
lgbm S+T+C - lr S+T+C,p@50,46,0.0,0.0,0.0
lgbm S+T+C - lr S+T+C,p@50,47,0.0,0.0,0.0
lgbm S+T+C - lr S+T+C,p@50,48,0.04,0.02,0.02
lgbm S+T+C - lr S+T+C,p@50,49,0.0,0.0,0.0
lgbm S+T+C - lr S+T+C,p@100,25,0.01,0.02,-0.01
lgbm S+T+C - lr S+T+C,p@100,26,0.01,0.0,0.01
lgbm S+T+C - lr S+T+C,p@100,27,0.03,0.0,0.03
lgbm S+T+C - lr S+T+C,p@100,28,0.03,0.02,0.009999999999999998
lgbm S+T+C - lr S+T+C,p@100,29,0.03,0.01,0.019999999999999997
lgbm S+T+C - lr S+T+C,p@100,30,0.0,0.03,-0.03
lgbm S+T+C - lr S+T+C,p@100,31,0.03,0.02,0.009999999999999998
lgbm S+T+C - lr S+T+C,p@100,32,0.0,0.0,0.0
lgbm S+T+C - lr S+T+C,p@100,33,0.0,0.0,0.0
lgbm S+T+C - lr S+T+C,p@100,34,0.02,0.0,0.02
lgbm S+T+C - lr S+T+C,p@100,35,0.0,0.0,0.0
lgbm S+T+C - lr S+T+C,p@100,36,0.02,0.0,0.02
lgbm S+T+C - lr S+T+C,p@100,37,0.01,0.0,0.01
lgbm S+T+C - lr S+T+C,p@100,38,0.0,0.0,0.0
lgbm S+T+C - lr S+T+C,p@100,39,0.01,0.03,-0.019999999999999997
lgbm S+T+C - lr S+T+C,p@100,40,0.03,0.04,-0.010000000000000002
lgbm S+T+C - lr S+T+C,p@100,41,0.01,0.0,0.01
lgbm S+T+C - lr S+T+C,p@100,42,0.01,0.0,0.01
lgbm S+T+C - lr S+T+C,p@100,43,0.0,0.01,-0.01
lgbm S+T+C - lr S+T+C,p@100,44,0.02,0.01,0.01
lgbm S+T+C - lr S+T+C,p@100,45,0.04,0.03,0.010000000000000002
lgbm S+T+C - lr S+T+C,p@100,46,0.02,0.0,0.02
lgbm S+T+C - lr S+T+C,p@100,47,0.01,0.0,0.01
lgbm S+T+C - lr S+T+C,p@100,48,0.03,0.02,0.009999999999999998
lgbm S+T+C - lr S+T+C,p@100,49,0.0,0.0,0.0
recency     - rf S+T,roc_auc,25,0.9043435593559356,0.9371577157715772,-0.03281415641564167
recency     - rf S+T,roc_auc,26,0.9118457217624655,0.886115625338567,0.025730096423898452
recency     - rf S+T,roc_auc,27,0.9649676017089792,0.9499783779482466,0.01498922376073264
recency     - rf S+T,roc_auc,28,0.926307279425247,0.9495127602473704,-0.02320548082212337
recency     - rf S+T,roc_auc,29,0.9562401671223097,0.9736898564825496,-0.01744968936023983
recency     - rf S+T,roc_auc,30,0.8829085893155377,0.924688299609544,-0.04177971029400629
recency     - rf S+T,roc_auc,31,0.8606204929506008,0.9317111087702464,-0.0710906158196456
recency     - rf S+T,roc_auc,32,0.7433745843646091,0.7815530388259706,-0.03817845446136148
recency     - rf S+T,roc_auc,33,0.8284362624504981,0.8707110784431378,-0.042274815992639714
recency     - rf S+T,roc_auc,34,0.8387540860201858,0.9452378971752536,-0.10648381115506789
recency     - rf S+T,roc_auc,35,0.7730600654807244,0.8325702434387325,-0.05951017795800817
recency     - rf S+T,roc_auc,36,0.8383964467157373,0.8682682114569166,-0.029871764741179252
recency     - rf S+T,roc_auc,37,0.8397269931748294,0.9517177929448236,-0.11199079976999426
recency     - rf S+T,roc_auc,38,0.7759830491524576,0.8107737886894344,-0.034790739536976756
recency     - rf S+T,roc_auc,39,0.9029597367789424,0.96861561424914,-0.06565587747019763
recency     - rf S+T,roc_auc,40,0.9316622410681816,0.9645960697940896,-0.032933828725908
recency     - rf S+T,roc_auc,41,0.9232595760206463,0.9804332079602096,-0.05717363193956326
recency     - rf S+T,roc_auc,42,0.9624447477899116,0.9671590945270464,-0.004714346737134778
recency     - rf S+T,roc_auc,43,0.9213301044777368,0.9571214668707704,-0.0357913623930336
recency     - rf S+T,roc_auc,44,0.8535194724899251,0.9130510534664684,-0.05953158097654332
recency     - rf S+T,roc_auc,45,0.9137663603578745,0.9593404841200358,-0.0455741237621613
recency     - rf S+T,roc_auc,46,0.8858496414901073,0.9414703398206552,-0.055620698330547946
recency     - rf S+T,roc_auc,47,0.9603360736621728,0.97607546238882,-0.015739388726647263
recency     - rf S+T,roc_auc,48,0.9563199993758328,0.960355909052152,-0.0040359096763191715
recency     - rf S+T,roc_auc,49,0.8884783403823467,0.9083259065409006,-0.019847566158553875
recency     - rf S+T,pr_auc,25,0.0029065756055322235,0.0042700479955456,-0.0013634723900133763
recency     - rf S+T,pr_auc,26,0.0012082204992742993,0.0030392365093422,-0.001831016010067901
recency     - rf S+T,pr_auc,27,0.01604013771591762,0.0055179480919101,0.01052218962400752
recency     - rf S+T,pr_auc,28,0.004543081848770177,0.0140821711320156,-0.009539089283245424
recency     - rf S+T,pr_auc,29,0.0069574549145875395,0.0063563328380791,0.0006011220765084393
recency     - rf S+T,pr_auc,30,0.009122925325468626,0.0109350049316985,-0.001812079606229873
recency     - rf S+T,pr_auc,31,0.008075090375272362,0.0106115878355064,-0.002536497460234039
recency     - rf S+T,pr_auc,32,7.818199899030549e-05,9.596907172816304e-05,-1.778707273785755e-05
recency     - rf S+T,pr_auc,33,0.0001692252108637452,0.0002156376875684,-4.64124767046548e-05
recency     - rf S+T,pr_auc,34,0.002972246375243987,0.0021684411510492,0.0008038052241947868
recency     - rf S+T,pr_auc,35,0.00017918576357142283,0.0002546544204075,-7.546865683607715e-05
recency     - rf S+T,pr_auc,36,0.01682627233046147,0.0063820306218923,0.01044424170856917
recency     - rf S+T,pr_auc,37,0.007261883090622699,0.0043496669973894,0.002912216093233299
recency     - rf S+T,pr_auc,38,0.00023022725132160212,0.0004749610063903,-0.0002447337550686979
recency     - rf S+T,pr_auc,39,0.03996502488487718,0.0329508153939024,0.007014209490974782
recency     - rf S+T,pr_auc,40,0.029131379618776182,0.0171849856578917,0.011946393960884483
recency     - rf S+T,pr_auc,41,0.0035620212054674858,0.0044222623135939,-0.0008602411081264139
recency     - rf S+T,pr_auc,42,0.027407746867018933,0.0805662947675651,-0.05315854790054617
recency     - rf S+T,pr_auc,43,0.001096685441275205,0.0026550957765693,-0.0015584103352940949
recency     - rf S+T,pr_auc,44,0.007027141440808873,0.0116545954993221,-0.004627454058513227
recency     - rf S+T,pr_auc,45,0.06316119420688762,0.0265844426494476,0.03657675155744002
recency     - rf S+T,pr_auc,46,0.002736443763732457,0.003174546766545,-0.0004381030028125432
recency     - rf S+T,pr_auc,47,0.001699561579541043,0.0046518648177069,-0.0029523032381658567
recency     - rf S+T,pr_auc,48,0.026398309779495664,0.0899692420926689,-0.06357093231317323
recency     - rf S+T,pr_auc,49,0.0013927681204835586,0.0035963654597986,-0.002203597339315041
recency     - rf S+T,p@50,25,0.02,0.0,0.02
recency     - rf S+T,p@50,26,0.0,0.0,0.0
recency     - rf S+T,p@50,27,0.02,0.0,0.02
recency     - rf S+T,p@50,28,0.0,0.04,-0.04
recency     - rf S+T,p@50,29,0.04,0.02,0.02
recency     - rf S+T,p@50,30,0.04,0.04,0.0
recency     - rf S+T,p@50,31,0.04,0.06,-0.019999999999999997
recency     - rf S+T,p@50,32,0.0,0.0,0.0
recency     - rf S+T,p@50,33,0.0,0.0,0.0
recency     - rf S+T,p@50,34,0.02,0.0,0.02
recency     - rf S+T,p@50,35,0.0,0.0,0.0
recency     - rf S+T,p@50,36,0.02,0.02,0.0
recency     - rf S+T,p@50,37,0.02,0.0,0.02
recency     - rf S+T,p@50,38,0.0,0.0,0.0
recency     - rf S+T,p@50,39,0.04,0.06,-0.019999999999999997
recency     - rf S+T,p@50,40,0.02,0.04,-0.02
recency     - rf S+T,p@50,41,0.0,0.0,0.0
recency     - rf S+T,p@50,42,0.06,0.06,0.0
recency     - rf S+T,p@50,43,0.0,0.0,0.0
recency     - rf S+T,p@50,44,0.02,0.04,-0.02
recency     - rf S+T,p@50,45,0.04,0.04,0.0
recency     - rf S+T,p@50,46,0.0,0.0,0.0
recency     - rf S+T,p@50,47,0.0,0.0,0.0
recency     - rf S+T,p@50,48,0.06,0.14,-0.08000000000000002
recency     - rf S+T,p@50,49,0.0,0.0,0.0
recency     - rf S+T,p@100,25,0.01,0.01,0.0
recency     - rf S+T,p@100,26,0.0,0.02,-0.02
recency     - rf S+T,p@100,27,0.01,0.01,0.0
recency     - rf S+T,p@100,28,0.0,0.03,-0.03
recency     - rf S+T,p@100,29,0.02,0.02,0.0
recency     - rf S+T,p@100,30,0.02,0.02,0.0
recency     - rf S+T,p@100,31,0.02,0.03,-0.009999999999999998
recency     - rf S+T,p@100,32,0.0,0.0,0.0
recency     - rf S+T,p@100,33,0.0,0.0,0.0
recency     - rf S+T,p@100,34,0.01,0.0,0.01
recency     - rf S+T,p@100,35,0.0,0.0,0.0
recency     - rf S+T,p@100,36,0.01,0.01,0.0
recency     - rf S+T,p@100,37,0.01,0.01,0.0
recency     - rf S+T,p@100,38,0.0,0.0,0.0
recency     - rf S+T,p@100,39,0.02,0.04,-0.02
recency     - rf S+T,p@100,40,0.03,0.05,-0.020000000000000004
recency     - rf S+T,p@100,41,0.0,0.01,-0.01
recency     - rf S+T,p@100,42,0.03,0.04,-0.010000000000000002
recency     - rf S+T,p@100,43,0.0,0.0,0.0
recency     - rf S+T,p@100,44,0.03,0.02,0.009999999999999998
recency     - rf S+T,p@100,45,0.03,0.02,0.009999999999999998
recency     - rf S+T,p@100,46,0.0,0.0,0.0
recency     - rf S+T,p@100,47,0.0,0.0,0.0
recency     - rf S+T,p@100,48,0.04,0.07,-0.030000000000000006
recency     - rf S+T,p@100,49,0.0,0.0,0.0
recency     - lr S+T,roc_auc,25,0.9043435593559356,0.9634248424842484,-0.059081283128312845
recency     - lr S+T,roc_auc,26,0.9118457217624655,0.9089038344542508,0.0029418873082146524
recency     - lr S+T,roc_auc,27,0.9649676017089792,0.9597923326399928,0.0051752690689864655
recency     - lr S+T,roc_auc,28,0.926307279425247,0.921252521211515,0.005054758213732025
recency     - lr S+T,roc_auc,29,0.9562401671223097,0.9819202444828136,-0.025680077360503817
recency     - lr S+T,roc_auc,30,0.8829085893155377,0.9222667015262496,-0.03935811221071184
recency     - lr S+T,roc_auc,31,0.8606204929506008,0.9437954818480736,-0.08317498889747277
recency     - lr S+T,roc_auc,32,0.7433745843646091,0.8549913747843697,-0.11161679041976058
recency     - lr S+T,roc_auc,33,0.8284362624504981,0.8396035841433658,-0.011167321692867715
recency     - lr S+T,roc_auc,34,0.8387540860201858,0.8763659273987342,-0.03761184137854845
recency     - lr S+T,roc_auc,35,0.7730600654807244,0.9004599651428759,-0.12739989966215148
recency     - lr S+T,roc_auc,36,0.8383964467157373,0.8706058984718779,-0.03220945175614054
recency     - lr S+T,roc_auc,37,0.8397269931748294,0.9757423935598388,-0.13601540038500948
recency     - lr S+T,roc_auc,38,0.7759830491524576,0.825576778838942,-0.049593729686484345
recency     - lr S+T,roc_auc,39,0.9029597367789424,0.9774100678054244,-0.07445033102648202
recency     - lr S+T,roc_auc,40,0.9316622410681816,0.9801965188722614,-0.04853427780407982
recency     - lr S+T,roc_auc,41,0.9232595760206463,0.9665905664325534,-0.04333099041190702
recency     - lr S+T,roc_auc,42,0.9624447477899116,0.9356255372663886,0.026819210523522985
recency     - lr S+T,roc_auc,43,0.9213301044777368,0.9548438211390856,-0.033513716661348836
recency     - lr S+T,roc_auc,44,0.8535194724899251,0.9464107716810516,-0.09289129919112649
recency     - lr S+T,roc_auc,45,0.9137663603578745,0.9696317203018648,-0.055865359943990334
recency     - lr S+T,roc_auc,46,0.8858496414901073,0.9139834582277572,-0.02813381673764992
recency     - lr S+T,roc_auc,47,0.9603360736621728,0.9769155632009175,-0.016579489538744774
recency     - lr S+T,roc_auc,48,0.9563199993758328,0.9624836504418492,-0.006163651066016462
recency     - lr S+T,roc_auc,49,0.8884783403823467,0.92215261929661,-0.03367427891426322
recency     - lr S+T,pr_auc,25,0.0029065756055322235,0.0114001085117247,-0.008493532906192477
recency     - lr S+T,pr_auc,26,0.0012082204992742993,0.0017224653882364,-0.0005142448889621006
recency     - lr S+T,pr_auc,27,0.01604013771591762,0.0038536207120118,0.01218651700390582
recency     - lr S+T,pr_auc,28,0.004543081848770177,0.0135986439282462,-0.009055562079476023
recency     - lr S+T,pr_auc,29,0.0069574549145875395,0.0061915312098554,0.0007659237047321398
recency     - lr S+T,pr_auc,30,0.009122925325468626,0.012667287004229,-0.0035443616787603736
recency     - lr S+T,pr_auc,31,0.008075090375272362,0.0143216512477917,-0.006246560872519338
recency     - lr S+T,pr_auc,32,7.818199899030549e-05,0.0001171850302623,-3.900303127199451e-05
recency     - lr S+T,pr_auc,33,0.0001692252108637452,0.0001976859576173,-2.8460746753554807e-05
recency     - lr S+T,pr_auc,34,0.002972246375243987,0.0013038056724103,0.0016684407028336868
recency     - lr S+T,pr_auc,35,0.00017918576357142283,0.0003934281506431,-0.0002142423870716772
recency     - lr S+T,pr_auc,36,0.01682627233046147,0.0012018837326754,0.01562438859778607
recency     - lr S+T,pr_auc,37,0.007261883090622699,0.0009528842952545,0.006308998795368199
recency     - lr S+T,pr_auc,38,0.00023022725132160212,0.0005553407241106,-0.00032511347278899787
recency     - lr S+T,pr_auc,39,0.03996502488487718,0.0371676712719643,0.0027973536129128826
recency     - lr S+T,pr_auc,40,0.029131379618776182,0.0156721519677658,0.013459227651010382
recency     - lr S+T,pr_auc,41,0.0035620212054674858,0.0025892841917822,0.000972737013685286
recency     - lr S+T,pr_auc,42,0.027407746867018933,0.0022670789283617,0.025140667938657234
recency     - lr S+T,pr_auc,43,0.001096685441275205,0.0062190071956514,-0.005122321754376195
recency     - lr S+T,pr_auc,44,0.007027141440808873,0.0081195603927804,-0.0010924189519715272
recency     - lr S+T,pr_auc,45,0.06316119420688762,0.016963120433566,0.04619807377332162
recency     - lr S+T,pr_auc,46,0.002736443763732457,0.0025011984558269,0.00023524530790555677
recency     - lr S+T,pr_auc,47,0.001699561579541043,0.0031735258723729,-0.001473964292831857
recency     - lr S+T,pr_auc,48,0.026398309779495664,0.0126425527771382,0.013755757002357464
recency     - lr S+T,pr_auc,49,0.0013927681204835586,0.0021857648678505,-0.0007929967473669414
recency     - lr S+T,p@50,25,0.02,0.04,-0.02
recency     - lr S+T,p@50,26,0.0,0.0,0.0
recency     - lr S+T,p@50,27,0.02,0.0,0.02
recency     - lr S+T,p@50,28,0.0,0.02,-0.02
recency     - lr S+T,p@50,29,0.04,0.0,0.04
recency     - lr S+T,p@50,30,0.04,0.04,0.0
recency     - lr S+T,p@50,31,0.04,0.02,0.02
recency     - lr S+T,p@50,32,0.0,0.0,0.0
recency     - lr S+T,p@50,33,0.0,0.0,0.0
recency     - lr S+T,p@50,34,0.02,0.0,0.02
recency     - lr S+T,p@50,35,0.0,0.0,0.0
recency     - lr S+T,p@50,36,0.02,0.0,0.02
recency     - lr S+T,p@50,37,0.02,0.0,0.02
recency     - lr S+T,p@50,38,0.0,0.0,0.0
recency     - lr S+T,p@50,39,0.04,0.06,-0.019999999999999997
recency     - lr S+T,p@50,40,0.02,0.06,-0.039999999999999994
recency     - lr S+T,p@50,41,0.0,0.0,0.0
recency     - lr S+T,p@50,42,0.06,0.0,0.06
recency     - lr S+T,p@50,43,0.0,0.02,-0.02
recency     - lr S+T,p@50,44,0.02,0.02,0.0
recency     - lr S+T,p@50,45,0.04,0.04,0.0
recency     - lr S+T,p@50,46,0.0,0.0,0.0
recency     - lr S+T,p@50,47,0.0,0.0,0.0
recency     - lr S+T,p@50,48,0.06,0.02,0.039999999999999994
recency     - lr S+T,p@50,49,0.0,0.0,0.0
recency     - lr S+T,p@100,25,0.01,0.03,-0.019999999999999997
recency     - lr S+T,p@100,26,0.0,0.0,0.0
recency     - lr S+T,p@100,27,0.01,0.0,0.01
recency     - lr S+T,p@100,28,0.0,0.03,-0.03
recency     - lr S+T,p@100,29,0.02,0.01,0.01
recency     - lr S+T,p@100,30,0.02,0.03,-0.009999999999999998
recency     - lr S+T,p@100,31,0.02,0.01,0.01
recency     - lr S+T,p@100,32,0.0,0.0,0.0
recency     - lr S+T,p@100,33,0.0,0.0,0.0
recency     - lr S+T,p@100,34,0.01,0.0,0.01
recency     - lr S+T,p@100,35,0.0,0.0,0.0
recency     - lr S+T,p@100,36,0.01,0.0,0.01
recency     - lr S+T,p@100,37,0.01,0.0,0.01
recency     - lr S+T,p@100,38,0.0,0.0,0.0
recency     - lr S+T,p@100,39,0.02,0.03,-0.009999999999999998
recency     - lr S+T,p@100,40,0.03,0.04,-0.010000000000000002
recency     - lr S+T,p@100,41,0.0,0.0,0.0
recency     - lr S+T,p@100,42,0.03,0.0,0.03
recency     - lr S+T,p@100,43,0.0,0.01,-0.01
recency     - lr S+T,p@100,44,0.03,0.01,0.019999999999999997
recency     - lr S+T,p@100,45,0.03,0.03,0.0
recency     - lr S+T,p@100,46,0.0,0.01,-0.01
recency     - lr S+T,p@100,47,0.0,0.0,0.0
recency     - lr S+T,p@100,48,0.04,0.02,0.02
recency     - lr S+T,p@100,49,0.0,0.0,0.0
victim_risk - rf S+T,roc_auc,25,0.6971352135213521,0.9371577157715772,-0.24002250225022514
victim_risk - rf S+T,roc_auc,26,0.6142275670675301,0.886115625338567,-0.2718880582710369
victim_risk - rf S+T,roc_auc,27,0.8018260143394751,0.9499783779482466,-0.1481523636087715
victim_risk - rf S+T,roc_auc,28,0.7653131303028787,0.9495127602473704,-0.18419962994449168
victim_risk - rf S+T,roc_auc,29,0.7389161576251221,0.9736898564825496,-0.2347736988574275
victim_risk - rf S+T,roc_auc,30,0.7913477157686752,0.924688299609544,-0.13334058384086878
victim_risk - rf S+T,roc_auc,31,0.9032016091526445,0.9317111087702464,-0.028509499617601963
victim_risk - rf S+T,roc_auc,32,0.6176309407735193,0.7815530388259706,-0.16392209805245128
victim_risk - rf S+T,roc_auc,33,0.5107885565422616,0.8707110784431378,-0.35992252190087615
victim_risk - rf S+T,roc_auc,34,0.6647797447041406,0.9452378971752536,-0.28045815247111305
victim_risk - rf S+T,roc_auc,35,0.5674960928797351,0.8325702434387325,-0.2650741505589974
victim_risk - rf S+T,roc_auc,36,0.5362436807444596,0.8682682114569166,-0.33202453071245697
victim_risk - rf S+T,roc_auc,37,0.635638390959774,0.9517177929448236,-0.3160794019850496
victim_risk - rf S+T,roc_auc,38,0.6274003700185009,0.8107737886894344,-0.18337341867093349
victim_risk - rf S+T,roc_auc,39,0.6789982261080887,0.96861561424914,-0.2896173881410513
victim_risk - rf S+T,roc_auc,40,0.8769099330671113,0.9645960697940896,-0.08768613672697834
victim_risk - rf S+T,roc_auc,41,0.6406851435531209,0.9804332079602096,-0.3397480644070887
victim_risk - rf S+T,roc_auc,42,0.7742323723561187,0.9671590945270464,-0.19292672217092766
victim_risk - rf S+T,roc_auc,43,0.6553202625626025,0.9571214668707704,-0.3018012043081679
victim_risk - rf S+T,roc_auc,44,0.6842745255250283,0.9130510534664684,-0.2287765279414401
victim_risk - rf S+T,roc_auc,45,0.885920712138931,0.9593404841200358,-0.07341977198110483
victim_risk - rf S+T,roc_auc,46,0.646065264075332,0.9414703398206552,-0.29540507574532315
victim_risk - rf S+T,roc_auc,47,0.7574558947073649,0.97607546238882,-0.21861956768145518
victim_risk - rf S+T,roc_auc,48,0.8154376610225977,0.960355909052152,-0.14491824802955422
victim_risk - rf S+T,roc_auc,49,0.5656221505586837,0.9083259065409006,-0.3427037559822169
victim_risk - rf S+T,pr_auc,25,0.00027347012797087565,0.0042700479955456,-0.003996577867574724
victim_risk - rf S+T,pr_auc,26,0.00014896350702442554,0.0030392365093422,-0.0028902730023177745
victim_risk - rf S+T,pr_auc,27,0.0015501421834976283,0.0055179480919101,-0.003967805908412472
victim_risk - rf S+T,pr_auc,28,0.006011797144809933,0.0140821711320156,-0.008070373987205667
victim_risk - rf S+T,pr_auc,29,0.0017704704389016248,0.0063563328380791,-0.004585862399177475
victim_risk - rf S+T,pr_auc,30,0.0009777488336562392,0.0109350049316985,-0.00995725609804226
victim_risk - rf S+T,pr_auc,31,0.0010110185239510878,0.0106115878355064,-0.009600569311555313
victim_risk - rf S+T,pr_auc,32,4.576822652713635e-05,9.596907172816304e-05,-5.0200845201026694e-05
victim_risk - rf S+T,pr_auc,33,6.355036469928145e-05,0.0002156376875684,-0.00015208732286911856
victim_risk - rf S+T,pr_auc,34,0.00012362312366728963,0.0021684411510492,-0.0020448180273819104
victim_risk - rf S+T,pr_auc,35,7.159046497787785e-05,0.0002546544204075,-0.00018306395542962213
victim_risk - rf S+T,pr_auc,36,0.00024183859923789278,0.0063820306218923,-0.006140192022654407
victim_risk - rf S+T,pr_auc,37,0.00018003240598043102,0.0043496669973894,-0.004169634591408969
victim_risk - rf S+T,pr_auc,38,9.195237201623936e-05,0.0004749610063903,-0.00038300863437406066
victim_risk - rf S+T,pr_auc,39,0.00022173862665361753,0.0329508153939024,-0.03272907676724878
victim_risk - rf S+T,pr_auc,40,0.0012811868091102397,0.0171849856578917,-0.01590379884878146
victim_risk - rf S+T,pr_auc,41,0.00030402169278463567,0.0044222623135939,-0.004118240620809264
victim_risk - rf S+T,pr_auc,42,0.0006232056435281105,0.0805662947675651,-0.079943089124037
victim_risk - rf S+T,pr_auc,43,0.0003221082638980445,0.0026550957765693,-0.002332987512671255
victim_risk - rf S+T,pr_auc,44,0.0010266141039513429,0.0116545954993221,-0.010627981395370757
victim_risk - rf S+T,pr_auc,45,0.0014108417558453378,0.0265844426494476,-0.025173600893602262
victim_risk - rf S+T,pr_auc,46,0.00040163276840123237,0.003174546766545,-0.002772913998143768
victim_risk - rf S+T,pr_auc,47,0.0006138813105470121,0.0046518648177069,-0.004037983507159888
victim_risk - rf S+T,pr_auc,48,0.002241346554202441,0.0899692420926689,-0.08772789553846647
victim_risk - rf S+T,pr_auc,49,0.0003801835459121609,0.0035963654597986,-0.003216181913886439
victim_risk - rf S+T,p@50,25,0.0,0.0,0.0
victim_risk - rf S+T,p@50,26,0.0,0.0,0.0
victim_risk - rf S+T,p@50,27,0.0,0.0,0.0
victim_risk - rf S+T,p@50,28,0.04,0.04,0.0
victim_risk - rf S+T,p@50,29,0.02,0.02,0.0
victim_risk - rf S+T,p@50,30,0.0,0.04,-0.04
victim_risk - rf S+T,p@50,31,0.0,0.06,-0.06
victim_risk - rf S+T,p@50,32,0.0,0.0,0.0
victim_risk - rf S+T,p@50,33,0.0,0.0,0.0
victim_risk - rf S+T,p@50,34,0.0,0.0,0.0
victim_risk - rf S+T,p@50,35,0.0,0.0,0.0
victim_risk - rf S+T,p@50,36,0.0,0.02,-0.02
victim_risk - rf S+T,p@50,37,0.0,0.0,0.0
victim_risk - rf S+T,p@50,38,0.0,0.0,0.0
victim_risk - rf S+T,p@50,39,0.0,0.06,-0.06
victim_risk - rf S+T,p@50,40,0.0,0.04,-0.04
victim_risk - rf S+T,p@50,41,0.0,0.0,0.0
victim_risk - rf S+T,p@50,42,0.0,0.06,-0.06
victim_risk - rf S+T,p@50,43,0.0,0.0,0.0
victim_risk - rf S+T,p@50,44,0.0,0.04,-0.04
victim_risk - rf S+T,p@50,45,0.0,0.04,-0.04
victim_risk - rf S+T,p@50,46,0.0,0.0,0.0
victim_risk - rf S+T,p@50,47,0.0,0.0,0.0
victim_risk - rf S+T,p@50,48,0.0,0.14,-0.14
victim_risk - rf S+T,p@50,49,0.0,0.0,0.0
victim_risk - rf S+T,p@100,25,0.0,0.01,-0.01
victim_risk - rf S+T,p@100,26,0.0,0.02,-0.02
victim_risk - rf S+T,p@100,27,0.0,0.01,-0.01
victim_risk - rf S+T,p@100,28,0.03,0.03,0.0
victim_risk - rf S+T,p@100,29,0.01,0.02,-0.01
victim_risk - rf S+T,p@100,30,0.01,0.02,-0.01
victim_risk - rf S+T,p@100,31,0.0,0.03,-0.03
victim_risk - rf S+T,p@100,32,0.0,0.0,0.0
victim_risk - rf S+T,p@100,33,0.0,0.0,0.0
victim_risk - rf S+T,p@100,34,0.0,0.0,0.0
victim_risk - rf S+T,p@100,35,0.0,0.0,0.0
victim_risk - rf S+T,p@100,36,0.0,0.01,-0.01
victim_risk - rf S+T,p@100,37,0.0,0.01,-0.01
victim_risk - rf S+T,p@100,38,0.0,0.0,0.0
victim_risk - rf S+T,p@100,39,0.0,0.04,-0.04
victim_risk - rf S+T,p@100,40,0.0,0.05,-0.05
victim_risk - rf S+T,p@100,41,0.0,0.01,-0.01
victim_risk - rf S+T,p@100,42,0.0,0.04,-0.04
victim_risk - rf S+T,p@100,43,0.0,0.0,0.0
victim_risk - rf S+T,p@100,44,0.0,0.02,-0.02
victim_risk - rf S+T,p@100,45,0.0,0.02,-0.02
victim_risk - rf S+T,p@100,46,0.0,0.0,0.0
victim_risk - rf S+T,p@100,47,0.0,0.0,0.0
victim_risk - rf S+T,p@100,48,0.0,0.07,-0.07
victim_risk - rf S+T,p@100,49,0.0,0.0,0.0
issuer_risk - rf S+T,roc_auc,25,0.7877281478147815,0.9371577157715772,-0.14942956795679574
issuer_risk - rf S+T,roc_auc,26,0.8807237209457377,0.886115625338567,-0.0053919043928293275
issuer_risk - rf S+T,roc_auc,27,0.8721162716321073,0.9499783779482466,-0.07786210631613932
issuer_risk - rf S+T,roc_auc,28,0.6953177143238152,0.9495127602473704,-0.25419504592355524
issuer_risk - rf S+T,roc_auc,29,0.7802482355885463,0.9736898564825496,-0.1934416208940033
issuer_risk - rf S+T,roc_auc,30,0.7899174370777383,0.924688299609544,-0.1347708625318057
issuer_risk - rf S+T,roc_auc,31,0.5083804925247284,0.9317111087702464,-0.42333061624551804
issuer_risk - rf S+T,roc_auc,32,0.38911872796819924,0.7815530388259706,-0.39243431085777136
issuer_risk - rf S+T,roc_auc,33,0.7612598253930156,0.8707110784431378,-0.10945125305012215
issuer_risk - rf S+T,roc_auc,34,0.775093539235567,0.9452378971752536,-0.17014435793968663
issuer_risk - rf S+T,roc_auc,35,0.7154558066224092,0.8325702434387325,-0.11711443681632339
issuer_risk - rf S+T,roc_auc,36,0.7905552756720537,0.8682682114569166,-0.07771293578486282
issuer_risk - rf S+T,roc_auc,37,0.873758343958599,0.9517177929448236,-0.07795944898622464
issuer_risk - rf S+T,roc_auc,38,0.45423821191059555,0.8107737886894344,-0.35653557677883885
issuer_risk - rf S+T,roc_auc,39,0.8773236233898711,0.96861561424914,-0.09129199085926887
issuer_risk - rf S+T,roc_auc,40,0.7352987150326258,0.9645960697940896,-0.22929735476146385
issuer_risk - rf S+T,roc_auc,41,0.8077439812852445,0.9804332079602096,-0.1726892266749651
issuer_risk - rf S+T,roc_auc,42,0.8651177807316375,0.9671590945270464,-0.10204131379540893
issuer_risk - rf S+T,roc_auc,43,0.7933347195185634,0.9571214668707704,-0.163786747352207
issuer_risk - rf S+T,roc_auc,44,0.773008181231313,0.9130510534664684,-0.14004287223515544
issuer_risk - rf S+T,roc_auc,45,0.7293684245361638,0.9593404841200358,-0.229972059583872
issuer_risk - rf S+T,roc_auc,46,0.8573839335453842,0.9414703398206552,-0.08408640627527098
issuer_risk - rf S+T,roc_auc,47,0.8061834086757078,0.97607546238882,-0.16989205371311222
issuer_risk - rf S+T,roc_auc,48,0.8053868972815847,0.960355909052152,-0.1549690117705672
issuer_risk - rf S+T,roc_auc,49,0.7612477268863623,0.9083259065409006,-0.1470781796545383
issuer_risk - rf S+T,pr_auc,25,0.001420929208782746,0.0042700479955456,-0.002849118786762854
issuer_risk - rf S+T,pr_auc,26,0.0014888282668677132,0.0030392365093422,-0.001550408242474487
issuer_risk - rf S+T,pr_auc,27,0.0013665831166793502,0.0055179480919101,-0.00415136497523075
issuer_risk - rf S+T,pr_auc,28,0.0004887677888257096,0.0140821711320156,-0.013593403343189892
issuer_risk - rf S+T,pr_auc,29,0.0008802733503165942,0.0063563328380791,-0.005476059487762506
issuer_risk - rf S+T,pr_auc,30,0.0003802230873653468,0.0109350049316985,-0.010554781844333153
issuer_risk - rf S+T,pr_auc,31,0.000789612048561639,0.0106115878355064,-0.009821975786944761
issuer_risk - rf S+T,pr_auc,32,8.669172102604059e-05,9.596907172816304e-05,-9.277350702122453e-06
issuer_risk - rf S+T,pr_auc,33,0.00020476566169639533,0.0002156376875684,-1.0872025872004666e-05
issuer_risk - rf S+T,pr_auc,34,0.0001685280822411399,0.0021684411510492,-0.0019999130688080602
issuer_risk - rf S+T,pr_auc,35,0.0001628341989847773,0.0002546544204075,-9.182022142272268e-05
issuer_risk - rf S+T,pr_auc,36,0.0005914187265817331,0.0063820306218923,-0.005790611895310567
issuer_risk - rf S+T,pr_auc,37,0.00025920356446954186,0.0043496669973894,-0.004090463432919858
issuer_risk - rf S+T,pr_auc,38,0.00019713854585938061,0.0004749610063903,-0.0002778224605309194
issuer_risk - rf S+T,pr_auc,39,0.0011651417317628265,0.0329508153939024,-0.03178567366213957
issuer_risk - rf S+T,pr_auc,40,0.0019452555173826989,0.0171849856578917,-0.015239730140509
issuer_risk - rf S+T,pr_auc,41,0.0012845863635479536,0.0044222623135939,-0.003137675950045946
issuer_risk - rf S+T,pr_auc,42,0.0008465618643010853,0.0805662947675651,-0.07971973290326402
issuer_risk - rf S+T,pr_auc,43,0.0007788563584439684,0.0026550957765693,-0.0018762394181253315
issuer_risk - rf S+T,pr_auc,44,0.0014440396479132704,0.0116545954993221,-0.010210555851408828
issuer_risk - rf S+T,pr_auc,45,0.0006495152103245175,0.0265844426494476,-0.02593492743912308
issuer_risk - rf S+T,pr_auc,46,0.0007581620157142757,0.003174546766545,-0.0024163847508307246
issuer_risk - rf S+T,pr_auc,47,0.0005268285192120905,0.0046518648177069,-0.004125036298494809
issuer_risk - rf S+T,pr_auc,48,0.001630583580667749,0.0899692420926689,-0.08833865851200115
issuer_risk - rf S+T,pr_auc,49,0.0012675930127394627,0.0035963654597986,-0.0023287724470591373
issuer_risk - rf S+T,p@50,25,0.0,0.0,0.0
issuer_risk - rf S+T,p@50,26,0.02,0.0,0.02
issuer_risk - rf S+T,p@50,27,0.0,0.0,0.0
issuer_risk - rf S+T,p@50,28,0.0,0.04,-0.04
issuer_risk - rf S+T,p@50,29,0.0,0.02,-0.02
issuer_risk - rf S+T,p@50,30,0.0,0.04,-0.04
issuer_risk - rf S+T,p@50,31,0.0,0.06,-0.06
issuer_risk - rf S+T,p@50,32,0.0,0.0,0.0
issuer_risk - rf S+T,p@50,33,0.0,0.0,0.0
issuer_risk - rf S+T,p@50,34,0.0,0.0,0.0
issuer_risk - rf S+T,p@50,35,0.0,0.0,0.0
issuer_risk - rf S+T,p@50,36,0.0,0.02,-0.02
issuer_risk - rf S+T,p@50,37,0.0,0.0,0.0
issuer_risk - rf S+T,p@50,38,0.0,0.0,0.0
issuer_risk - rf S+T,p@50,39,0.0,0.06,-0.06
issuer_risk - rf S+T,p@50,40,0.0,0.04,-0.04
issuer_risk - rf S+T,p@50,41,0.0,0.0,0.0
issuer_risk - rf S+T,p@50,42,0.0,0.06,-0.06
issuer_risk - rf S+T,p@50,43,0.0,0.0,0.0
issuer_risk - rf S+T,p@50,44,0.0,0.04,-0.04
issuer_risk - rf S+T,p@50,45,0.0,0.04,-0.04
issuer_risk - rf S+T,p@50,46,0.0,0.0,0.0
issuer_risk - rf S+T,p@50,47,0.0,0.0,0.0
issuer_risk - rf S+T,p@50,48,0.0,0.14,-0.14
issuer_risk - rf S+T,p@50,49,0.0,0.0,0.0
issuer_risk - rf S+T,p@100,25,0.0,0.01,-0.01
issuer_risk - rf S+T,p@100,26,0.01,0.02,-0.01
issuer_risk - rf S+T,p@100,27,0.0,0.01,-0.01
issuer_risk - rf S+T,p@100,28,0.0,0.03,-0.03
issuer_risk - rf S+T,p@100,29,0.0,0.02,-0.02
issuer_risk - rf S+T,p@100,30,0.0,0.02,-0.02
issuer_risk - rf S+T,p@100,31,0.0,0.03,-0.03
issuer_risk - rf S+T,p@100,32,0.0,0.0,0.0
issuer_risk - rf S+T,p@100,33,0.0,0.0,0.0
issuer_risk - rf S+T,p@100,34,0.0,0.0,0.0
issuer_risk - rf S+T,p@100,35,0.0,0.0,0.0
issuer_risk - rf S+T,p@100,36,0.0,0.01,-0.01
issuer_risk - rf S+T,p@100,37,0.0,0.01,-0.01
issuer_risk - rf S+T,p@100,38,0.0,0.0,0.0
issuer_risk - rf S+T,p@100,39,0.0,0.04,-0.04
issuer_risk - rf S+T,p@100,40,0.0,0.05,-0.05
issuer_risk - rf S+T,p@100,41,0.0,0.01,-0.01
issuer_risk - rf S+T,p@100,42,0.0,0.04,-0.04
issuer_risk - rf S+T,p@100,43,0.0,0.0,0.0
issuer_risk - rf S+T,p@100,44,0.0,0.02,-0.02
issuer_risk - rf S+T,p@100,45,0.0,0.02,-0.02
issuer_risk - rf S+T,p@100,46,0.0,0.0,0.0
issuer_risk - rf S+T,p@100,47,0.0,0.0,0.0
issuer_risk - rf S+T,p@100,48,0.0,0.07,-0.07
issuer_risk - rf S+T,p@100,49,0.0,0.0,0.0
structural_h - rf S,roc_auc,25,0.8826771427142714,0.8954011651165117,-0.012724022402240243
structural_h - rf S,roc_auc,26,0.8477565817436308,0.9177241626455318,-0.06996758090190103
structural_h - rf S,roc_auc,27,0.7585299483353629,0.8826719420559451,-0.12414199372058221
structural_h - rf S,roc_auc,28,0.7627964194629194,0.8930859628944341,-0.13028954343151466
structural_h - rf S,roc_auc,29,0.7787086691721679,0.9511720159188144,-0.17246334674664654
structural_h - rf S,roc_auc,30,0.7699731838371543,0.9158842904717616,-0.14591110663460727
structural_h - rf S,roc_auc,31,0.9115542747835592,0.9429595458263772,-0.031405271042817984
structural_h - rf S,roc_auc,32,0.800286507162679,0.7583309582739568,0.041955548888722216
structural_h - rf S,roc_auc,33,0.709891208148326,0.7877393220728829,-0.07784811392455693
structural_h - rf S,roc_auc,34,0.8157171371698171,0.9394530335532092,-0.12373589638339211
structural_h - rf S,roc_auc,35,0.6945720890773418,0.6866275649070875,0.007944524170254263
structural_h - rf S,roc_auc,36,0.6978781740039204,0.7917749044923594,-0.09389673048843905
structural_h - rf S,roc_auc,37,0.8471556788919723,0.9503207580189504,-0.10316507912697814
structural_h - rf S,roc_auc,38,0.656876343817191,0.7860515525776288,-0.12917520876043787
structural_h - rf S,roc_auc,39,0.7672096580226418,0.980486563925114,-0.21327690590247217
structural_h - rf S,roc_auc,40,0.7332952954858896,0.9557575235174244,-0.22246222803153481
structural_h - rf S,roc_auc,41,0.7279789083416945,0.9048687606303352,-0.17688985228864063
structural_h - rf S,roc_auc,42,0.6589346737134791,0.851047536799431,-0.19211286308595188
structural_h - rf S,roc_auc,43,0.7772773768595496,0.8267895830569925,-0.0495122061974429
structural_h - rf S,roc_auc,44,0.783687877511066,0.8932131606423674,-0.1095252831313015
structural_h - rf S,roc_auc,45,0.9089596288708178,0.9458516368631265,-0.03689200799230863
structural_h - rf S,roc_auc,46,0.6679526748971193,0.8425094793969127,-0.17455680449979338
structural_h - rf S,roc_auc,47,0.7222983424677628,0.9451684202104252,-0.22287007774266243
structural_h - rf S,roc_auc,48,0.8382768861413148,0.9035617097945764,-0.0652848236532616
structural_h - rf S,roc_auc,49,0.7723949988924206,0.8743824600627457,-0.10198746117032509
structural_h - rf S,pr_auc,25,0.005156856908275663,0.0217327862226574,-0.01657592931438174
structural_h - rf S,pr_auc,26,0.0006683040136552557,0.0027920655915092,-0.0021237615778539444
structural_h - rf S,pr_auc,27,0.0019668535443852905,0.0018813744316862,8.547911269909058e-05
structural_h - rf S,pr_auc,28,0.008919255382933217,0.0047497305549155,0.004169524828017718
structural_h - rf S,pr_auc,29,0.0035534054673532997,0.0043449297342741,-0.0007915242669208002
structural_h - rf S,pr_auc,30,0.004700455030473016,0.0037212894308631,0.0009791655996099157
structural_h - rf S,pr_auc,31,0.006266308387139758,0.0098585411137781,-0.0035922327266383423
structural_h - rf S,pr_auc,32,0.00010590392395455919,5.897964703318254e-05,4.692427692137665e-05
structural_h - rf S,pr_auc,33,0.00016342209959781286,0.0002843440649523,-0.00012092196535448715
structural_h - rf S,pr_auc,34,0.002002698409016373,0.002266237559826,-0.0002635391508096271
structural_h - rf S,pr_auc,35,8.470619475779337e-05,0.000110217660627,-2.5511465869206622e-05
structural_h - rf S,pr_auc,36,0.00038621858648203716,0.0005757069096466,-0.0001894883231645628
structural_h - rf S,pr_auc,37,0.00015275901964255162,0.0005539337874026,-0.00040117476776004837
structural_h - rf S,pr_auc,38,0.00010360840771902913,0.0004010497723101,-0.00029744136459107084
structural_h - rf S,pr_auc,39,0.05791118359867623,0.0072253330596805,0.050685850538995735
structural_h - rf S,pr_auc,40,0.019769749074304156,0.0073254717163321,0.012444277357972057
structural_h - rf S,pr_auc,41,0.00025829648054739423,0.001002975243839,-0.0007446787632916056
structural_h - rf S,pr_auc,42,0.0004036546667265958,0.0032985533995151,-0.0028948987327885043
structural_h - rf S,pr_auc,43,0.0018887824976546092,0.0066304905858864,-0.004741708088231791
structural_h - rf S,pr_auc,44,0.002953027587630848,0.0057274189190295,-0.0027743913313986518
structural_h - rf S,pr_auc,45,0.020064042104357933,0.0045872095899432,0.015476832514414732
structural_h - rf S,pr_auc,46,0.0009711328411225913,0.0016716913378948,-0.0007005584967722087
structural_h - rf S,pr_auc,47,0.0008788674695596329,0.0031941356479482,-0.0023152681783885675
structural_h - rf S,pr_auc,48,0.00738744078419148,0.0512261154825996,-0.043838674698408124
structural_h - rf S,pr_auc,49,0.0010697848061486915,0.0013853549244974,-0.0003155701183487085
structural_h - rf S,p@50,25,0.02,0.04,-0.02
structural_h - rf S,p@50,26,0.0,0.02,-0.02
structural_h - rf S,p@50,27,0.02,0.0,0.02
structural_h - rf S,p@50,28,0.04,0.0,0.04
structural_h - rf S,p@50,29,0.02,0.0,0.02
structural_h - rf S,p@50,30,0.0,0.0,0.0
structural_h - rf S,p@50,31,0.02,0.04,-0.02
structural_h - rf S,p@50,32,0.0,0.0,0.0
structural_h - rf S,p@50,33,0.0,0.0,0.0
structural_h - rf S,p@50,34,0.0,0.0,0.0
structural_h - rf S,p@50,35,0.0,0.0,0.0
structural_h - rf S,p@50,36,0.0,0.0,0.0
structural_h - rf S,p@50,37,0.0,0.0,0.0
structural_h - rf S,p@50,38,0.0,0.0,0.0
structural_h - rf S,p@50,39,0.06,0.0,0.06
structural_h - rf S,p@50,40,0.04,0.02,0.02
structural_h - rf S,p@50,41,0.0,0.0,0.0
structural_h - rf S,p@50,42,0.0,0.0,0.0
structural_h - rf S,p@50,43,0.0,0.02,-0.02
structural_h - rf S,p@50,44,0.02,0.02,0.0
structural_h - rf S,p@50,45,0.04,0.0,0.04
structural_h - rf S,p@50,46,0.0,0.0,0.0
structural_h - rf S,p@50,47,0.0,0.0,0.0
structural_h - rf S,p@50,48,0.02,0.06,-0.039999999999999994
structural_h - rf S,p@50,49,0.0,0.0,0.0
structural_h - rf S,p@100,25,0.01,0.02,-0.01
structural_h - rf S,p@100,26,0.0,0.01,-0.01
structural_h - rf S,p@100,27,0.01,0.0,0.01
structural_h - rf S,p@100,28,0.03,0.01,0.019999999999999997
structural_h - rf S,p@100,29,0.01,0.01,0.0
structural_h - rf S,p@100,30,0.02,0.01,0.01
structural_h - rf S,p@100,31,0.01,0.04,-0.03
structural_h - rf S,p@100,32,0.0,0.0,0.0
structural_h - rf S,p@100,33,0.0,0.0,0.0
structural_h - rf S,p@100,34,0.01,0.01,0.0
structural_h - rf S,p@100,35,0.0,0.0,0.0
structural_h - rf S,p@100,36,0.0,0.0,0.0
structural_h - rf S,p@100,37,0.0,0.0,0.0
structural_h - rf S,p@100,38,0.0,0.0,0.0
structural_h - rf S,p@100,39,0.03,0.01,0.019999999999999997
structural_h - rf S,p@100,40,0.04,0.02,0.02
structural_h - rf S,p@100,41,0.0,0.0,0.0
structural_h - rf S,p@100,42,0.0,0.0,0.0
structural_h - rf S,p@100,43,0.0,0.01,-0.01
structural_h - rf S,p@100,44,0.01,0.01,0.0
structural_h - rf S,p@100,45,0.02,0.0,0.02
structural_h - rf S,p@100,46,0.0,0.0,0.0
structural_h - rf S,p@100,47,0.0,0.0,0.0
structural_h - rf S,p@100,48,0.01,0.04,-0.03
structural_h - rf S,p@100,49,0.0,0.0,0.0
