fold_k,model,feature_set,n_train_pairs,n_train_pos,n_test_pairs,n_test_pos,fit_seconds,roc_auc,pr_auc,p@50,p@100
25,recency_only,heuristic,944135,153,200000,20,0.13899493217468262,0.9043435593559356,0.0029065756055322235,0.02,0.01
25,victim_risk_only,heuristic,944135,153,200000,20,0.08002901077270508,0.6971352135213521,0.00027347012797087565,0.0,0.0
25,issuer_risk_only,heuristic,944135,153,200000,20,0.08554601669311523,0.7877281478147815,0.001420929208782746,0.0,0.0
25,structural_heuristic,heuristic,944135,153,200000,20,0.11536717414855957,0.8826771427142714,0.005156856908275663,0.02,0.01
25,lgbm,S,944135,153,200000,20,1.3761248588562012,0.8649479947994799,0.013982499424878213,0.02,0.01
25,lgbm,S+T,944135,153,200000,20,1.3811249732971191,0.8983963396339635,0.008829213324036734,0.04,0.02
25,lgbm,S+T+C,944135,153,200000,20,1.3397700786590576,0.8974499949994998,0.006367439046769105,0.02,0.01
26,recency_only,heuristic,1144135,170,200000,15,0.12768101692199707,0.9118457217624655,0.0012082204992742993,0.0,0.0
26,victim_risk_only,heuristic,1144135,170,200000,15,0.08408093452453613,0.6142275670675301,0.00014896350702442554,0.0,0.0
26,issuer_risk_only,heuristic,1144135,170,200000,15,0.0816037654876709,0.8807237209457377,0.0014888282668677132,0.02,0.01
26,structural_heuristic,heuristic,1144135,170,200000,15,0.1093299388885498,0.8477565817436308,0.0006683040136552557,0.0,0.0
26,lgbm,S,1144135,170,200000,15,1.5347800254821777,0.8618436382728706,0.0012918347022948546,0.0,0.0
26,lgbm,S+T,1144135,170,200000,15,1.4321329593658447,0.8087353218158029,0.0016685248136633919,0.0,0.0
26,lgbm,S+T+C,1144135,170,200000,15,1.5176820755004883,0.8387632405763766,0.0016142890801639112,0.0,0.01
27,recency_only,heuristic,1344135,190,200000,23,0.1297140121459961,0.9649676017089792,0.01604013771591762,0.02,0.01
27,victim_risk_only,heuristic,1344135,190,200000,23,0.08527374267578125,0.8018260143394751,0.0015501421834976283,0.0,0.0
27,issuer_risk_only,heuristic,1344135,190,200000,23,0.08831095695495605,0.8721162716321073,0.0013665831166793502,0.0,0.0
27,structural_heuristic,heuristic,1344135,190,200000,23,0.11302399635314941,0.7585299483353629,0.0019668535443852905,0.02,0.01
27,lgbm,S,1344135,190,200000,23,1.34431791305542,0.8108696630547295,0.005378699806399892,0.0,0.02
27,lgbm,S+T,1344135,190,200000,23,1.3772308826446533,0.8652012372727211,0.014088633777180868,0.04,0.03
27,lgbm,S+T+C,1344135,190,200000,23,1.508181095123291,0.8789371647304658,0.014717655684157447,0.06,0.03
28,recency_only,heuristic,1544135,205,200000,30,0.12931513786315918,0.926307279425247,0.004543081848770177,0.0,0.0
28,victim_risk_only,heuristic,1544135,205,200000,30,0.08398699760437012,0.7653131303028787,0.006011797144809933,0.04,0.03
28,issuer_risk_only,heuristic,1544135,205,200000,30,0.08370018005371094,0.6953177143238152,0.0004887677888257096,0.0,0.0
28,structural_heuristic,heuristic,1544135,205,200000,30,0.10810279846191406,0.7627964194629194,0.008919255382933217,0.04,0.03
28,lgbm,S,1544135,205,200000,30,1.4029359817504883,0.7772640062676068,0.008339112195307505,0.06,0.03
28,lgbm,S+T,1544135,205,200000,30,1.5634009838104248,0.8746667000050008,0.055905041920841295,0.06,0.06
28,lgbm,S+T+C,1544135,205,200000,30,1.4491431713104248,0.8988903335500326,0.02832848022119086,0.06,0.03
29,recency_only,heuristic,1744135,228,200000,21,0.1330699920654297,0.9562401671223097,0.0069574549145875395,0.04,0.02
29,victim_risk_only,heuristic,1744135,228,200000,21,0.08225369453430176,0.7389161576251221,0.0017704704389016248,0.02,0.01
29,issuer_risk_only,heuristic,1744135,228,200000,21,0.08446502685546875,0.7802482355885463,0.0008802733503165942,0.0,0.0
29,structural_heuristic,heuristic,1744135,228,200000,21,0.11580586433410645,0.7787086691721679,0.0035534054673532997,0.02,0.01
29,lgbm,S,1744135,228,200000,21,1.4827568531036377,0.857563853728451,0.04480249128410383,0.08,0.04
29,lgbm,S+T,1744135,228,200000,21,1.613396167755127,0.9088385232830399,0.024274809306388805,0.06,0.03
29,lgbm,S+T+C,1744135,228,200000,21,1.4445710182189941,0.9294585455282328,0.012654500936337514,0.04,0.03
30,recency_only,heuristic,1944135,258,200000,14,0.13051319122314453,0.8829085893155377,0.009122925325468626,0.04,0.02
30,victim_risk_only,heuristic,1944135,258,200000,14,0.08228302001953125,0.7913477157686752,0.0009777488336562392,0.0,0.01
30,issuer_risk_only,heuristic,1944135,258,200000,14,0.08465719223022461,0.7899174370777383,0.0003802230873653468,0.0,0.0
30,structural_heuristic,heuristic,1944135,258,200000,14,0.10987210273742676,0.7699731838371543,0.004700455030473016,0.0,0.02
30,lgbm,S,1944135,258,200000,14,1.4221150875091553,0.9322316847893638,0.02057427352802983,0.04,0.03
30,lgbm,S+T,1944135,258,200000,14,1.6763479709625244,0.8943379608001131,0.004816435817500531,0.0,0.01
30,lgbm,S+T+C,1944135,258,200000,14,1.6392669677734375,0.9067809746682267,0.005463880678637494,0.0,0.0
31,recency_only,heuristic,2144135,279,200000,31,0.1288750171661377,0.8606204929506008,0.008075090375272362,0.04,0.02
31,victim_risk_only,heuristic,2144135,279,200000,31,0.08271479606628418,0.9032016091526445,0.0010110185239510878,0.0,0.0
31,issuer_risk_only,heuristic,2144135,279,200000,31,0.0826869010925293,0.5083804925247284,0.000789612048561639,0.0,0.0
31,structural_heuristic,heuristic,2144135,279,200000,31,0.10689401626586914,0.9115542747835592,0.006266308387139758,0.02,0.01
31,lgbm,S,2144135,279,200000,31,1.343069314956665,0.8211174344926688,0.009689354608963658,0.06,0.03
31,lgbm,S+T,2144135,279,200000,31,1.5144479274749756,0.8612672867520272,0.010805308282119033,0.02,0.02
31,lgbm,S+T+C,2144135,279,200000,31,1.5315921306610107,0.8190269491771225,0.019546933554998522,0.04,0.03
32,recency_only,heuristic,2344135,293,200000,5,0.1295478343963623,0.7433745843646091,7.818199899030549e-05,0.0,0.0
32,victim_risk_only,heuristic,2344135,293,200000,5,0.08278894424438477,0.6176309407735193,4.576822652713635e-05,0.0,0.0
32,issuer_risk_only,heuristic,2344135,293,200000,5,0.08331012725830078,0.38911872796819924,8.669172102604059e-05,0.0,0.0
32,structural_heuristic,heuristic,2344135,293,200000,5,0.10924911499023438,0.800286507162679,0.00010590392395455919,0.0,0.0
32,lgbm,S,2344135,293,200000,5,1.3693430423736572,0.7541738543463586,6.072232588933365e-05,0.0,0.0
32,lgbm,S+T,2344135,293,200000,5,1.5375521183013916,0.7802485062126553,0.00011912677662196132,0.0,0.0
32,lgbm,S+T+C,2344135,293,200000,5,1.352114200592041,0.8135373384334609,0.00012760056059016268,0.0,0.0
33,recency_only,heuristic,2544135,324,200000,8,0.1313343048095703,0.8284362624504981,0.0001692252108637452,0.0,0.0
33,victim_risk_only,heuristic,2544135,324,200000,8,0.08457207679748535,0.5107885565422616,6.355036469928145e-05,0.0,0.0
33,issuer_risk_only,heuristic,2544135,324,200000,8,0.08707094192504883,0.7612598253930156,0.00020476566169639533,0.0,0.0
33,structural_heuristic,heuristic,2544135,324,200000,8,0.11188721656799316,0.709891208148326,0.00016342209959781286,0.0,0.0
33,lgbm,S,2544135,324,200000,8,1.505774974822998,0.8353396635865435,0.00017930537007939174,0.0,0.0
33,lgbm,S+T,2544135,324,200000,8,1.5267221927642822,0.7413384035361414,0.00029146145705352775,0.0,0.0
33,lgbm,S+T+C,2544135,324,200000,8,1.440199851989746,0.8411748969958799,0.000356051154320164,0.0,0.0
34,recency_only,heuristic,2744135,329,200000,11,0.13180804252624512,0.8387540860201858,0.002972246375243987,0.02,0.01
34,victim_risk_only,heuristic,2744135,329,200000,11,0.0864262580871582,0.6647797447041406,0.00012362312366728963,0.0,0.0
34,issuer_risk_only,heuristic,2744135,329,200000,11,0.08732318878173828,0.775093539235567,0.0001685280822411399,0.0,0.0
34,structural_heuristic,heuristic,2744135,329,200000,11,0.11205101013183594,0.8157171371698171,0.002002698409016373,0.0,0.01
34,lgbm,S,2744135,329,200000,11,1.4587647914886475,0.9414545072706271,0.013888257719065608,0.02,0.02
34,lgbm,S+T,2744135,329,200000,11,1.7466671466827393,0.911728781446616,0.06663693821812795,0.06,0.03
34,lgbm,S+T+C,2744135,329,200000,11,1.8438951969146729,0.9069162440297853,0.043392798042413375,0.04,0.02
35,recency_only,heuristic,2944135,337,200000,9,0.13261103630065918,0.7730600654807244,0.00017918576357142283,0.0,0.0
35,victim_risk_only,heuristic,2944135,337,200000,9,0.08663797378540039,0.5674960928797351,7.159046497787785e-05,0.0,0.0
35,issuer_risk_only,heuristic,2944135,337,200000,9,0.08787989616394043,0.7154558066224092,0.0001628341989847773,0.0,0.0
35,structural_heuristic,heuristic,2944135,337,200000,9,0.11316037178039551,0.6945720890773418,8.470619475779337e-05,0.0,0.0
35,lgbm,S,2944135,337,200000,9,1.567762851715088,0.6378231464860362,0.00044759091849208565,0.0,0.0
35,lgbm,S+T,2944135,337,200000,9,1.6460919380187988,0.768768483470645,0.0011953555936431437,0.0,0.0
35,lgbm,S+T+C,2944135,337,200000,9,1.8855900764465332,0.6896804800660473,0.0017375750305954232,0.0,0.0
36,recency_only,heuristic,3144135,348,200000,16,0.13283991813659668,0.8383964467157373,0.01682627233046147,0.02,0.01
36,victim_risk_only,heuristic,3144135,348,200000,16,0.08748102188110352,0.5362436807444596,0.00024183859923789278,0.0,0.0
36,issuer_risk_only,heuristic,3144135,348,200000,16,0.08821296691894531,0.7905552756720537,0.0005914187265817331,0.0,0.0
36,structural_heuristic,heuristic,3144135,348,200000,16,0.11506009101867676,0.6978781740039204,0.00038621858648203716,0.0,0.0
36,lgbm,S,3144135,348,200000,16,1.4899818897247314,0.7752904607368589,0.001479900512576034,0.0,0.0
36,lgbm,S+T,3144135,348,200000,16,1.833739995956421,0.8256141741339307,0.01282834470826337,0.02,0.02
36,lgbm,S+T+C,3144135,348,200000,16,1.9185140132904053,0.8190061454916393,0.015451575973019016,0.04,0.02
37,recency_only,heuristic,3344135,357,200000,5,0.13246512413024902,0.8397269931748294,0.007261883090622699,0.02,0.01
37,victim_risk_only,heuristic,3344135,357,200000,5,0.0875709056854248,0.635638390959774,0.00018003240598043102,0.0,0.0
37,issuer_risk_only,heuristic,3344135,357,200000,5,0.08932209014892578,0.873758343958599,0.00025920356446954186,0.0,0.0
37,structural_heuristic,heuristic,3344135,357,200000,5,0.11428308486938477,0.8471556788919723,0.00015275901964255162,0.0,0.0
37,lgbm,S,3344135,357,200000,5,1.4497239589691162,0.9507207680192005,0.0020171344299673745,0.0,0.0
37,lgbm,S+T,3344135,357,200000,5,1.7389609813690186,0.8971124278106952,0.00318756599912051,0.0,0.01
37,lgbm,S+T+C,3344135,357,200000,5,1.6031692028045654,0.9162619065476637,0.007714032176370228,0.02,0.01
38,recency_only,heuristic,3544135,373,200000,10,0.13098692893981934,0.7759830491524576,0.00023022725132160212,0.0,0.0
38,victim_risk_only,heuristic,3544135,373,200000,10,0.08769893646240234,0.6274003700185009,9.195237201623936e-05,0.0,0.0
38,issuer_risk_only,heuristic,3544135,373,200000,10,0.09022808074951172,0.45423821191059555,0.00019713854585938061,0.0,0.0
38,structural_heuristic,heuristic,3544135,373,200000,10,0.11637496948242188,0.656876343817191,0.00010360840771902913,0.0,0.0
38,lgbm,S,3544135,373,200000,10,1.6232130527496338,0.7696037301865094,0.0002629745388576876,0.0,0.0
38,lgbm,S+T,3544135,373,200000,10,1.8458850383758545,0.8503470173508675,0.0003373298375869345,0.0,0.0
38,lgbm,S+T+C,3544135,373,200000,10,1.680710792541504,0.9047532376618831,0.000672743449768385,0.0,0.0
39,recency_only,heuristic,3744135,378,200000,16,0.12863492965698242,0.9029597367789424,0.03996502488487718,0.04,0.02
39,victim_risk_only,heuristic,3744135,378,200000,16,0.08409810066223145,0.6789982261080887,0.00022173862665361753,0.0,0.0
39,issuer_risk_only,heuristic,3744135,378,200000,16,0.09299683570861816,0.8773236233898711,0.0011651417317628265,0.0,0.0
39,structural_heuristic,heuristic,3744135,378,200000,16,0.11462879180908203,0.7672096580226418,0.05791118359867623,0.06,0.03
39,lgbm,S,3744135,378,200000,16,1.434805154800415,0.9675233393671494,0.007494321644717678,0.02,0.01
39,lgbm,S+T,3744135,378,200000,16,1.752814769744873,0.9501538248059844,0.05633313061123951,0.04,0.05
39,lgbm,S+T+C,3744135,378,200000,16,1.68107008934021,0.9662041713337066,0.014700309880572564,0.02,0.01
40,recency_only,heuristic,3944135,388,194348,24,0.13104915618896484,0.9316622410681816,0.029131379618776182,0.02,0.03
40,victim_risk_only,heuristic,3944135,388,194348,24,0.0873870849609375,0.8769099330671113,0.0012811868091102397,0.0,0.0
40,issuer_risk_only,heuristic,3944135,388,194348,24,0.08498716354370117,0.7352987150326258,0.0019452555173826989,0.0,0.0
40,structural_heuristic,heuristic,3944135,388,194348,24,0.11092400550842285,0.7332952954858896,0.019769749074304156,0.04,0.04
40,lgbm,S,3944135,388,194348,24,1.6773381233215332,0.8851124067708225,0.00554187425120026,0.0,0.01
40,lgbm,S+T,3944135,388,194348,24,1.8973639011383057,0.9556913754005338,0.00893173277958699,0.02,0.02
40,lgbm,S+T+C,3944135,388,194348,24,1.6207809448242188,0.9594217217979594,0.01480881182154797,0.02,0.03
41,recency_only,heuristic,4144135,404,186397,20,0.12514710426330566,0.9232595760206463,0.0035620212054674858,0.0,0.0
41,victim_risk_only,heuristic,4144135,404,186397,20,0.08176493644714355,0.6406851435531209,0.00030402169278463567,0.0,0.0
41,issuer_risk_only,heuristic,4144135,404,186397,20,0.08196377754211426,0.8077439812852445,0.0012845863635479536,0.0,0.0
41,structural_heuristic,heuristic,4144135,404,186397,20,0.10846900939941406,0.7279789083416945,0.00025829648054739423,0.0,0.0
41,lgbm,S,4144135,404,186397,20,1.321512222290039,0.9230511275532925,0.0022727231452290457,0.0,0.0
41,lgbm,S+T,4144135,404,186397,20,1.7393701076507568,0.9664717212960826,0.005508448858436616,0.02,0.01
41,lgbm,S+T+C,4144135,404,186397,20,1.5505759716033936,0.9782623392371377,0.007625475630966249,0.02,0.01
42,recency_only,heuristic,4338483,428,143605,21,0.09775614738464355,0.9624447477899116,0.027407746867018933,0.06,0.03
42,victim_risk_only,heuristic,4338483,428,143605,21,0.063507080078125,0.7742323723561187,0.0006232056435281105,0.0,0.0
42,issuer_risk_only,heuristic,4338483,428,143605,21,0.06341886520385742,0.8651177807316375,0.0008465618643010853,0.0,0.0
42,structural_heuristic,heuristic,4338483,428,143605,21,0.08109688758850098,0.6589346737134791,0.0004036546667265958,0.0,0.0
42,lgbm,S,4338483,428,143605,21,1.100926160812378,0.8216232475829645,0.0018858636233638891,0.0,0.01
42,lgbm,S+T,4338483,428,143605,21,1.3401439189910889,0.9529255149797828,0.0055817158139435455,0.02,0.01
42,lgbm,S+T+C,4338483,428,143605,21,1.494624137878418,0.9629140267651523,0.0046517505308183845,0.02,0.01
43,recency_only,heuristic,4524880,448,119561,14,0.0825202465057373,0.9213301044777368,0.001096685441275205,0.0,0.0
43,victim_risk_only,heuristic,4524880,448,119561,14,0.0511479377746582,0.6553202625626025,0.0003221082638980445,0.0,0.0
43,issuer_risk_only,heuristic,4524880,448,119561,14,0.051425933837890625,0.7933347195185634,0.0007788563584439684,0.0,0.0
43,structural_heuristic,heuristic,4524880,448,119561,14,0.06992793083190918,0.7772773768595496,0.0018887824976546092,0.0,0.0
43,lgbm,S,4524880,448,119561,14,1.1659090518951416,0.8353164147036014,0.0031379678132380444,0.02,0.01
43,lgbm,S+T,4524880,448,119561,14,1.2906990051269531,0.9049345804220457,0.0016199561684589164,0.0,0.0
43,lgbm,S+T+C,4524880,448,119561,14,1.3291890621185303,0.9070455254299266,0.00193568358693113,0.0,0.0
44,recency_only,heuristic,4668485,469,114482,41,0.08009624481201172,0.8535194724899251,0.007027141440808873,0.02,0.03
44,victim_risk_only,heuristic,4668485,469,114482,41,0.048573970794677734,0.6842745255250283,0.0010266141039513429,0.0,0.0
44,issuer_risk_only,heuristic,4668485,469,114482,41,0.05009317398071289,0.773008181231313,0.0014440396479132704,0.0,0.0
44,structural_heuristic,heuristic,4668485,469,114482,41,0.0652158260345459,0.783687877511066,0.002953027587630848,0.02,0.01
44,lgbm,S,4668485,469,114482,41,0.9995119571685791,0.8696456859973218,0.005169660356622632,0.0,0.01
44,lgbm,S+T,4668485,469,114482,41,1.4129040241241455,0.862750877489114,0.005078741352263326,0.0,0.0
44,lgbm,S+T+C,4668485,469,114482,41,1.3697760105133057,0.9138167052103321,0.007519482290374972,0.0,0.02
45,recency_only,heuristic,4788046,483,110818,21,0.07822895050048828,0.9137663603578745,0.06316119420688762,0.04,0.03
45,victim_risk_only,heuristic,4788046,483,110818,21,0.048185110092163086,0.885920712138931,0.0014108417558453378,0.0,0.0
45,issuer_risk_only,heuristic,4788046,483,110818,21,0.04896688461303711,0.7293684245361638,0.0006495152103245175,0.0,0.0
45,structural_heuristic,heuristic,4788046,483,110818,21,0.060838937759399414,0.9089596288708178,0.020064042104357933,0.04,0.02
45,lgbm,S,4788046,483,110818,21,1.0608179569244385,0.9229676581409931,0.010499347569642898,0.02,0.01
45,lgbm,S+T,4788046,483,110818,21,1.256195068359375,0.9175024938357881,0.10223138546698855,0.08,0.04
45,lgbm,S+T+C,4788046,483,110818,21,1.4162821769714355,0.9503484923306759,0.06369488198936406,0.08,0.04
46,recency_only,heuristic,4902528,524,98937,9,0.07134509086608887,0.8858496414901073,0.002736443763732457,0.0,0.0
46,victim_risk_only,heuristic,4902528,524,98937,9,0.04247021675109863,0.646065264075332,0.00040163276840123237,0.0,0.0
46,issuer_risk_only,heuristic,4902528,524,98937,9,0.04209494590759277,0.8573839335453842,0.0007581620157142757,0.0,0.0
46,structural_heuristic,heuristic,4902528,524,98937,9,0.05543661117553711,0.6679526748971193,0.0009711328411225913,0.0,0.0
46,lgbm,S,4902528,524,98937,9,1.106355905532837,0.8835337035239996,0.0008747932687847447,0.0,0.0
46,lgbm,S+T,4902528,524,98937,9,1.2718498706817627,0.8993723830574873,0.003853694325562225,0.0,0.0
46,lgbm,S+T+C,4902528,524,98937,9,1.349729061126709,0.8111915287436879,0.005822624525469057,0.0,0.02
47,recency_only,heuristic,5013346,545,85711,7,0.06354618072509766,0.9603360736621728,0.001699561579541043,0.0,0.0
47,victim_risk_only,heuristic,5013346,545,85711,7,0.03663206100463867,0.7574558947073649,0.0006138813105470121,0.0,0.0
47,issuer_risk_only,heuristic,5013346,545,85711,7,0.038687944412231445,0.8061834086757078,0.0005268285192120905,0.0,0.0
47,structural_heuristic,heuristic,5013346,545,85711,7,0.047986745834350586,0.7222983424677628,0.0008788674695596329,0.0,0.0
47,lgbm,S,5013346,545,85711,7,1.0564699172973633,0.9391160272566041,0.004448550019946667,0.02,0.01
47,lgbm,S+T,5013346,545,85711,7,1.3662261962890625,0.9735151551519515,0.012686233993087477,0.02,0.01
47,lgbm,S+T+C,5013346,545,85711,7,1.1941702365875244,0.9768405541998373,0.006542083571510412,0.0,0.01
48,recency_only,heuristic,5112283,554,78040,23,0.05967998504638672,0.9563199993758328,0.026398309779495664,0.06,0.04
48,victim_risk_only,heuristic,5112283,554,78040,23,0.033503055572509766,0.8154376610225977,0.002241346554202441,0.0,0.0
48,issuer_risk_only,heuristic,5112283,554,78040,23,0.034316062927246094,0.8053868972815847,0.001630583580667749,0.0,0.0
48,structural_heuristic,heuristic,5112283,554,78040,23,0.04415011405944824,0.8382768861413148,0.00738744078419148,0.02,0.01
48,lgbm,S,5112283,554,78040,23,1.0824010372161865,0.8564382010386811,0.02005385140899886,0.06,0.03
48,lgbm,S+T,5112283,554,78040,23,1.160933017730713,0.9477204243668186,0.06704755665899434,0.04,0.03
48,lgbm,S+T+C,5112283,554,78040,23,1.402432918548584,0.9537876638926522,0.01659861783989695,0.04,0.03
49,recency_only,heuristic,5197994,561,70599,11,0.055052995681762695,0.8884783403823467,0.0013927681204835586,0.0,0.0
49,victim_risk_only,heuristic,5197994,561,70599,11,0.031039953231811523,0.5656221505586837,0.0003801835459121609,0.0,0.0
49,issuer_risk_only,heuristic,5197994,561,70599,11,0.030468225479125977,0.7612477268863623,0.0012675930127394627,0.0,0.0
49,structural_heuristic,heuristic,5197994,561,70599,11,0.04026603698730469,0.7723949988924206,0.0010697848061486915,0.0,0.0
49,lgbm,S,5197994,561,70599,11,0.9821839332580566,0.8630915890931756,0.006871723001412601,0.0,0.02
49,lgbm,S+T,5197994,561,70599,11,1.259855031967163,0.9084637100305485,0.004184937581984122,0.02,0.01
49,lgbm,S+T+C,5197994,561,70599,11,1.297300100326538,0.9217070117506453,0.003157374494837841,0.0,0.0
